4.044,88.3,0.746,5.49
5.777,83.3,1.078,6.537
5.85,75,0.979,8.81
4.408,82,0.633,9.79
3.081,83.2,0.389,10.3
2.304,84.5,0.436,9.94
2.08,87,0.449,7.41
6.405,88.6,1.188,4.63
12.06,86.8,2.737,4.995
10.85,84.9,1.643,8.93
7.59,95.4,0.385,2.098
7.41,93.1,0.787,4.326
8.35,91.3,1.527,2.66
8.74,86.9,2.172,3.921
4.975,90,0.526,6.235
5.181,84.7,1.202,10.03
6.233,85.3,2.222,9.79
6.125,54.93,2.653,10.32
3.758,52.63,1.016,11.13
1.466,71.6,0.593,10.1
2.374,74.6,0.396,10.58
2.97,79.3,0.474,11.07
6.112,77.9,0.999,9.87
9.3,78.9,0.568,10.71
6.626,87.1,1.469,8.1
11.67,81.6,4.186,2.782
12.45,79.2,4.598,9.29
6.746,59.96,0.959,12.31
1.887,71.4,0.494,11.77
4.702,75.4,0.696,4.43
7.46,94,0.302,2.614
10.68,91.6,0.341,4.579
10.66,87.3,0.472,9.38
9.19,83.7,0.487,12.05
9.86,80.8,0.496,12.75
10.01,78.9,0.539,12.94
8.65,76.8,0.612,13.32
7.44,82.1,0.423,10.86
7.99,81.1,0.549,11.28
6.27,85.4,0.773,6.547
5.879,70.3,1.278,12.84
4.975,58.5,0.542,14.81
4.846,62.63,0.57,14.53
5.927,63.97,0.551,14.37
6.401,67.95,0.666,12.79
5.53,83.1,1.093,13.35
6.985,82.3,0.762,6.592
3.455,73.3,0.486,14.66
3.954,64.24,0.687,8.18
5.24,49.94,0.998,15.78
4.808,72.1,1.597,2.562
6.705,89.5,1.702,3.86
4.886,80.7,1.253,10.57
5.857,80,0.432,10.25
5.442,94.5,0.766,1.694
8.4,87.8,0.721,6.713
5.914,82.6,0.678,4.731
2.474,76,3.017,9.22
3.625,69.64,3.345,15.22
5.247,69.85,1.954,13.12
2.802,59.96,0.772,17.05
1.818,56.36,0.872,18.05
3.197,62.12,1.086,15.15
6.734,63.74,1.012,14.37
8.9,64.55,0.767,9.44
11.88,75,2.412,11.01
8.97,62.02,0.773,19.01
8.32,75.9,0.943,15.46
10.29,73.3,1.044,16.59
12.21,73.3,2.248,13.29
11.07,75.6,2.52,15.49
10.67,82.3,2.091,4.919
8.53,88.1,0.719,6.178
8.96,84.1,0.511,16.22
11.64,74,0.843,17.93
10.96,77,0.884,12.75
11.59,75.3,0.759,10.17
11.09,78.3,0.79,16.72
12.51,67.84,0.717,19.78
12.93,64.19,0.739,20.39
13.54,63.2,1.645,19.66
9.78,51.65,1.526,21.92
8.5,50.1,1.533,20.62
8.01,74.7,0.927,5.996
7.47,49.66,1.138,22.44
3.765,79.8,1.143,3.563
5.126,86,1.107,4.311
4.758,93.8,1.316,2.786
7.62,90,1.031,5.296
8.5,91.2,1.855,3.672
9.46,76.6,2.164,11.76
9.01,78.5,2.221,6.465
8.18,79.1,2.724,15.1
9.33,78.2,0.705,19.87
11.74,75.6,0.547,20.87
13.2,72.9,0.604,20.26
14.49,68.1,1.11,24.22
14.42,61.88,0.793,23.35
12.17,63.92,1.183,15.18
8.83,47.5,1.547,25.45
7.04,54.45,1.448,21.07
7.5,54.98,1.126,20.99
8.64,58.54,1.045,17.43
9.42,55.2,0.97,25.76
10.72,53.23,0.958,25.78
11.76,59.61,1.563,21.99
12.84,76.3,1.811,11.92
9.9,73.1,2.32,12.12
9.97,71.3,3.753,11.21
9.95,59.97,3.056,19.84
11.49,73.4,2.212,16.53
13.56,68.81,1.374,23.59
12.49,59.15,2.733,24.15
12.43,58.63,0.896,27.26
14.96,55.77,0.642,27.78
16.57,53.41,0.856,27.72
18.03,51.89,0.806,27.53
18.49,52.67,1.011,23.06
13.86,71.5,1.18,11.15
12.91,73.9,1.412,19.24
11.13,55.74,1.886,22.55
9.89,79.6,1.3,8.75
10.25,85.3,0.963,11.61
10.99,78.2,1.193,9.41
12.64,63.67,1.963,24.65
11.88,75.2,5.361,13.93
11.65,58.35,2.745,22.96
11.15,56.64,1.72,19.19
11.35,53.12,0.775,30.12
11.97,67.42,1.488,23.61
12.29,80.6,0.808,17.22
11.47,88.8,0.846,5.495
12.7,81.7,0.781,11.26
14.6,66.59,0.925,25.75
14.39,60.27,0.863,27.61
15.61,62.26,0.933,25.16
17.02,56.06,0.743,29.45
18.03,57.13,0.751,25.59
18.78,48.03,0.972,29.84
18.78,43.73,1,30.07
18.55,45.55,0.877,29.58
15.71,66.15,0.876,12.77
16.4,80.2,0.716,21.3
15.16,83.6,0.75,14.78
15.03,84.7,0.591,11.11
15.44,84,0.712,12.83
16.8,77.9,0.726,18.49
17.71,74.3,0.553,24.32
18.87,69.87,0.649,25.9
19.77,65.93,0.653,28.32
21.11,63.88,0.879,27.93
21.96,63.12,0.471,29.67
23,60.56,0.511,29.62
24.02,53.11,0.594,26.71
22.37,40.17,0.572,30.6
21.73,44.94,0.599,30.78
23.68,49.31,0.665,30.25
24.22,50.88,0.933,26.97
22.43,65.95,0.818,23.77
24.15,48.29,0.794,29.23
24.68,44.67,0.801,28.76
25.15,47.33,0.678,28.78
25.64,46.38,0.54,26.99
24.43,55.51,0.812,24.41
23.16,52.04,0.794,29.46
20.33,40.74,1.155,30.67
19.3,51.29,0.651,28.35
21.71,48.54,0.644,29.43
23.06,49.49,0.548,30.18
24.78,40.4,1.033,28.97
22.24,44.89,2.169,28.96
21.4,44.55,0.865,25.56
21.18,50.07,1.11,28.76
23.95,44.93,1.146,25.45
25.04,49.39,1.938,29.16
26.16,51.26,0.91,27.53
26.42,51.79,0.739,27.19
27.83,48.87,0.571,29.34
29.21,42.67,0.633,29.47
29.89,35.84,0.637,28.26
29.01,40.42,0.79,29.49
28.11,37.14,1.167,30
26.37,39.67,0.755,29.53
25.95,44.14,0.63,29.33
26.43,51.46,0.775,29.17
27.35,46.28,0.759,28.89
27.93,40.01,0.712,27.34
24.08,57.78,1.283,15.91
19.57,41.94,2.38,30.06
17.48,46.84,1.206,30.1
19.25,49.31,0.646,29.84
21.41,47.88,0.801,26.08
22.84,46.38,0.689,27.01
21.45,42.37,0.726,29.13
21.6,41.54,0.578,29.62
23.8,43.5,0.593,29.08
26.34,46.81,0.695,28.58
27.04,44.07,0.895,24.98
26.46,50.24,0.74,25.65
25.72,40.92,0.887,27.38
24.09,44.04,0.974,23.93
24.34,48.31,0.71,28.49
25.65,49.17,0.628,27.57
26.8,45.99,0.949,27.84
28.46,44.57,0.558,22.8
28.23,47.96,0.609,22.82
27.43,41.91,0.804,26.34
25.83,39.19,0.587,27.58
25.16,49.6,0.538,26.45
26.43,42.15,1.036,25.6
25.46,41.38,0.628,25.97
27.67,43.72,0.68,25.54
29.52,38.36,0.805,25.2
28.06,43.06,0.731,22.69
28.22,37.97,1.192,24.88
24.96,42.23,1.584,23.05
24.24,50.25,1.024,26.33
23.63,53.55,0.553,26.87
25.81,48.05,0.682,24.78
28.06,39.09,0.841,23.24
27.11,49.24,1.471,23.18
19.4,77.7,1.22,8.58
19.63,70.4,1.14,22.15
21.64,59.83,1.191,26.4
22.45,57.33,1.858,23.65
21.97,55.91,0.614,26.59
24.23,54.57,0.508,26.44
25.66,51.92,0.788,26.13
25.01,48.62,1.763,25.62
21.89,64.49,1.62,9.23
22.03,62.49,1.622,25.18
19.71,71,1.576,16.76
19.34,55.92,0.865,25.9
19.41,54,0.568,25.73
22.51,60.08,0.576,17.65
27.04,49.06,0.97,19.53
26.28,48.29,1.032,23.44
24.13,47.52,1.064,23.79
22.19,52.17,0.437,24.85
23,50.82,0.708,24.65
23.77,43.21,0.781,23.72
23.26,55.9,0.64,24.05
23.54,54.39,0.665,23.7
22.47,49.68,0.788,24.21
22.18,49.76,0.713,22.96
22.25,48.89,0.762,17.98
18.2,81.5,0.505,5.632
23.92,65.45,1.495,14.71
25.26,53.25,0.885,18.44
21.01,54.86,0.533,21.7
23.87,54.46,1.392,21.87
26.15,57.56,2.081,19.71
25.96,55.36,1.176,18.27
23.76,57.67,0.555,20.55
22.88,51.59,0.565,18.74
21.63,51.05,0.642,21.1
21.03,47.39,0.906,21.11
19.31,49.66,1.031,18.36
19,49.36,1.003,20.8
17.37,53.01,0.542,21.01
18.42,48.86,0.56,20.95
19.94,48.31,0.656,19.51
20.81,45.21,0.657,20.41
21.12,54.3,0.605,19.73
21.66,51.73,0.527,19.69
20.8,46.35,0.558,19.89
20.46,42.62,0.566,19.05
21.96,37.47,0.653,18.95
17.81,43.63,0.725,19.33
16.38,46.25,0.665,19.25
18.24,50.72,0.705,19.32
17.93,53.69,0.481,18.66
17.24,47.88,0.424,18.7
18.16,44.53,0.596,18.32
18.94,46.58,0.647,17.78
19.02,46.64,0.498,17.33
18.55,50.87,0.459,16.44
18.84,51.08,0.482,16.94
19.31,53.1,0.477,15.54
19.19,50.39,0.7,14.74
19.42,51.28,0.642,15.48
21.22,53.02,1.804,11.6
15.81,64.99,1.758,14.08
13.13,63.67,1.823,11.94
14.26,64.83,1.8,13.33
13.77,60.45,0.92,13.43
10.7,54.96,0.761,16
11.6,54.56,1.379,14.66
13.06,55.69,1.637,12.85
12.5,60.19,1.639,15.53
12.9,63.28,0.526,15.27
13.6,65.08,0.679,6.641
18.6,77.6,1.861,5.063
19.43,74.8,2.429,10.21
15.11,85.4,0.833,5.618
15.01,79.4,0.584,10.58
16.27,75.8,0.461,13.19
16.19,71,0.827,13.29
12.17,90.2,1.162,1.801
11.22,90.5,0.833,12.62
11.43,88.1,0.912,1.409
10.67,85.6,1.518,7.43
7.1,89.5,0.943,0.421
8.66,86,0.879,7.01
9.42,86,0.62,6.038
8.44,98.9,0.778,9.69
7.83,99.5,0.704,12.04
9.77,93.7,0.285,5.435
11.93,88.9,0.5,4.408
12.69,83.3,0.554,6.745
11.41,85.2,0.482,10
9.6,83.8,0.289,10
7,82.2,0.302,11.51
7.7,77.5,0.397,10.91
10.28,55.37,1.609,5.479
6.481,69.5,1.029,9.27
8.41,61.07,0.728,12.1
7.25,66.13,0.937,11.4
4.764,61.08,0.837,12.15
3.356,64.67,0.718,11.38
3.56,69.86,0.462,11.31
4.381,75.5,0.376,11.02
3.948,78.1,0.425,10.47
3.681,80.6,0.367,10.43
5.546,81.3,0.376,10.58
5.709,82.9,0.369,10.09
5.684,87.8,0.472,8.16
4.899,88.3,0.352,7.8
4.357,90.1,0.414,6.647
5.052,82,0.407,9.14
4.592,89.2,0.487,5.605
4.186,88.5,0.387,6.558
6.362,86.7,0.394,5.578
8.15,94.1,0.256,1.635
7.1,86.8,0.495,2.52
7.74,85.6,2.005,1.359
6.627,83.8,0.893,3.951
5.139,87.7,0.656,3.953
7.98,84.1,0.816,3.427
7.87,78.2,0.71,7.51
5.443,85.1,0.457,7.95
2.258,95.6,0.778,3.028
4.544,88.6,0.743,6.774
2.779,91.9,0.47,5.868
3.282,93.5,0.357,3.273
4.712,89.7,0.488,7.48
7.27,82.2,0.888,6.258
9.79,77.3,1.157,7.82
7.96,82.2,0.585,2.195
9.1,82.1,0.394,4.589
8.44,82.7,0.733,7.72
5.222,84.8,1.247,7.08
10.67,71.9,1.929,9.16
7.76,79.9,2.334,8.32
6.192,68.94,1.28,9.24
1.559,78.8,0.438,5.873
1.928,72.8,0.773,9.23
1.665,74.2,0.481,8.72
2.427,82.4,0.415,9.18
1.702,75.5,1.429,6.796
2.673,65.32,2.472,6.593
1.332,61,1.282,9.36
1.308,75.6,2.08,4.035
3.375,74.7,0.985,7.61
4.935,73.3,0.771,7.25
3.865,81.8,0.527,9.26
2.562,81.9,0.429,9.55
2.482,81.9,0.58,8.02
1.744,79.3,0.569,9.43
0.239,89.3,0.521,6.181
-0.938,88,0.381,7.6
0.194,78.2,0.444,8.94
1.674,77.1,0.483,9.93
0.35,76.6,0.513,10.04
-0.501,72.3,0.511,10.11
-1.584,80.8,0.499,8.24
-0.898,75.3,0.493,9.64
0.452,73.2,0.469,9.05
2.719,78.5,0.443,9.09
3.195,87.2,0.41,6.788
3.317,85.5,0.395,7.64
3.874,78.1,0.423,9.75
1.826,77.6,0.514,10.35
4.245,71.2,2.093,9.76
6.224,65.33,1.854,10.63
6.938,68.27,0.864,10.88
3.971,74.5,0.521,11.19
3.198,65.72,0.442,11.31
2.661,66.15,0.52,10.8
3.338,58.46,0.953,11.33
1.831,49.92,1.378,9.87
0.71,55.96,2.013,10.53
-3.396,50.9,1.018,11.13
-1.763,60.02,0.947,11.63
4.05,55.49,1.155,10.54
0.856,49.23,0.865,12.88
1.219,56.75,0.796,12.39
2.155,63.91,0.811,12.45
5.17,58.72,0.696,12.8
2.35,58.27,0.594,13.01
2.258,68.74,0.647,9.27
3.535,72.4,0.738,6.507
4.413,83.9,0.848,5.241
4.874,85,1.23,2.186
5.593,83.5,0.657,6.599
4.64,82.3,0.691,8.11
3.929,79.958,0.573,8.34
3.858,76.8,0.643,12.74
6.683,66.05,0.906,13.13
8.59,57.1,2.226,14.26
6.571,44.31,1.505,12.58
3.408,57.65,1.807,8.33
1.769,54.22,1.239,15.49
1.649,55.02,1.137,15.5
0.601,51.59,0.714,15.78
2.682,57.35,0.928,15.59
4.755,57.1,1.368,13.91
3.399,49.93,1.196,11.57
4.013,51.91,1.073,6.033
1.607,72.9,1.258,14.93
3.321,64.57,0.871,11.23
0.312,39.31,1.557,17.17
1.288,43.1,0.981,15.23
2.567,66.75,1.186,14.83
2.647,51.9,1.16,18.63
4.216,55.62,2.088,16.29
5.93,48.76,1.655,13.25
2.347,46,0.882,19.46
1.968,45.49,0.62,19.38
3.82,45.11,0.742,18.03
5.855,44.78,0.639,18.1
7.16,41.24,0.619,19.78
8.71,64.46,0.81,12.39
10,73.1,0.902,14.95
11.31,67.57,0.653,13.28
14.1,59.62,0.98,17.63
13.55,60.09,1.113,18.79
15.2,43.3,1.447,19.52
14.1,39.73,1.861,19.87
12.65,50.22,0.608,14.8
16.3,51.15,0.869,16.31
17.37,54.59,1.808,10.88
14.61,65.81,1.675,15.64
12,77.1,1.488,8.3
11.31,73.4,0.594,16.92
13.47,66.91,2.195,13.52
11.63,72.9,3.151,12.98
11.63,65.53,3.47,16.16
11.82,73.6,2.955,13.22
13.98,73.2,3.467,17.97
13.54,61.73,1.744,18.29
14.22,58.56,0.634,19.83
14.68,53.04,1.804,17.37
11.52,78.3,1.179,8.83
12.27,76.9,1.154,12.84
12.64,75.3,0.745,13.69
12.79,71.5,0.699,17.61
15.59,56.69,1.396,20.58
15.8,54.26,1.281,22.65
10.98,65.61,0.89,7.93
7.46,44.11,1.5,24.29
7.93,45.18,1.287,25.25
9.8,50.29,1.241,24.56
12.56,49.73,0.885,24.51
12.68,52.08,0.99,25.21
13.7,50.38,2.857,22.79
10.61,43.23,3.038,23.35
10.35,43.49,3.073,22.48
14.14,55.34,3.325,16.74
14.24,53.99,4.712,20.62
11.88,54.42,2.793,19.62
13.94,52.61,2.431,21.87
16.35,51.8,1.813,23.7
17.04,51.76,1.921,26.74
15.86,52.19,2.42,22.91
14.14,56.62,3.778,25.55
13.15,47.14,0.953,27.64
15.61,37.25,1.107,27.52
17.83,36.18,0.915,27.53
19.77,31.4,0.816,27.04
21.99,21.95,1.254,26.83
21.7,32.83,1.223,22.55
21.1,36.94,1.541,23.66
19.98,39.6,1.853,25.27
17.47,37.35,1.524,23.95
18.73,33.06,1.106,23.1
17.64,36.34,1.221,28.39
16.91,35.23,0.852,28.88
19.39,29.46,1.029,27.31
21.4,35.44,2.089,27.69
22.35,37.61,2.353,19.65
18.35,48.44,2.025,19.13
17.72,53.52,1.463,18.88
16.05,73.8,1.469,15.74
13.12,78.6,1.882,11.75
14.26,57.33,1.935,27.44
15.25,47.15,2.223,26.85
12.08,57.38,2.132,15.69
14.05,51.58,1.368,23.56
15.67,44.69,0.965,29.62
19.48,36.19,0.918,29.32
21.99,33.27,1.243,29.32
21.44,36.57,2.171,22.67
17.59,38.24,2.08,29.6
17.89,32.55,0.843,29.95
23.07,34.77,1.136,29.42
25.18,24.67,0.996,29.6
26.64,20.73,1.057,28.98
25.02,24.9,1.032,28.71
25.36,29.68,1.139,25.72
21.14,47.15,1.261,15.23
19.69,70.7,0.789,9.12
20.01,64.1,1.021,17.89
23.08,49.13,0.939,26.81
24.3,29.51,1.035,28.14
25.27,34.47,1.141,25.57
25.86,37.3,1.21,27.09
26.6,35.14,0.941,29.37
27.18,26.61,0.963,29.2
25.59,32.17,1.112,29.13
25.88,33.49,1.073,29.19
25.38,34.29,1.024,28.93
23.12,44.3,1.019,21.83
24.67,41.02,1.722,27.92
25.3,32.63,1.966,27.37
20.72,41.99,2.889,25.11
21.15,42.18,1.762,27.88
23.23,38.75,0.95,27.67
25.54,40.47,0.529,28.7
28.43,35.16,1.011,28.51
27.61,34.81,0.915,27.75
29.04,32.87,0.774,27.37
27.86,39.71,1.378,24.84
27.9,45.03,1.286,25.86
28.79,40.06,1.631,27.51
21.82,68.83,1.387,9.98
24.16,54.81,1.308,27.32
24.46,47.58,1.276,27.88
25.52,38.22,1.381,28.36
26.76,41.22,1.439,19.18
24.42,32.93,1.982,28.98
22.37,36.98,1.649,30.26
23.73,40.23,1.176,29.67
24.98,41.5,0.671,29.58
27.45,41.7,0.765,28.8
28.69,39.57,0.901,29.11
27.95,32.34,1.965,28.04
24.99,37.41,0.692,28.9
26.33,36.62,0.793,28.98
27.07,39.82,1.049,26.83
25.04,46.91,1.071,24.06
26.14,45.9,1.137,25.45
23.74,41.45,0.991,29.13
25.31,45.7,0.694,29.22
26.59,32.79,0.757,28.14
27.36,37.48,0.76,27.88
30.25,31.36,1.081,27.39
28.55,36.17,1.011,27.94
26.56,34.17,1.283,28.9
24.68,34.13,1.668,22.86
23.73,35.92,1.451,28.59
25.38,39.29,0.732,28.38
28.35,39.42,0.784,27.73
27.77,31.68,1.371,27.3
27.47,30.63,0.88,25.8
26.67,38.35,1.654,25.35
27.06,29.56,1.85,27.56
26.15,41.03,2.351,26.47
25.69,45.37,1.519,26.74
24.43,48.43,1.749,22.22
23.69,51.32,1.593,25.5
22.89,38.85,2.124,27.76
21.02,43.7,0.614,27.51
23.5,40.13,1.036,26.84
25.25,44.22,1.602,24.79
21.23,44.89,1.012,27.61
22.01,39.87,0.864,27.96
24.52,39.55,0.692,27.14
25.74,39.67,0.613,25.22
25.83,38.65,0.629,24.5
27.4,35.52,0.893,22.41
27.58,38.28,0.995,17.85
25.71,35.8,1.525,21.1
20.11,69.77,1.798,13.24
22.77,56.91,0.774,25.65
23.2,45.25,0.602,26.81
25.55,46.04,0.721,24.5
26.4,38.21,0.614,26.35
27.62,33.97,0.801,26.02
26.09,44.86,1.041,15.16
25.46,44.02,1.023,24.35
24.71,38.79,0.824,23.15
23.18,52.64,0.778,15.85
21.84,38.98,1.122,25.34
18.43,43.85,0.992,25.96
19.31,44.98,0.687,25.8
22.06,46.45,0.767,25.15
23,43.38,0.987,23.83
23.7,36,1.167,24.76
24.57,33.74,1.321,24.35
25.7,38.03,1.429,21.81
24.94,44.36,0.818,24.06
27.08,50.46,1.031,23.51
27.16,49.39,0.964,23.13
29.3,31,1.294,18.78
24.31,48.66,0.766,22.56
26.36,48.04,1.016,21.51
26.13,44.24,0.949,21.95
25.65,35.49,1.565,21.75
23.18,33.37,2.152,21.83
18.96,50.54,2.556,18.28
16.26,74.1,1.214,14.46
18.52,65.32,1.066,17.74
20.04,58.78,2.224,22.64
18.86,50.24,2.056,23.34
17.15,50.77,1.161,19.62
17.26,57.22,0.718,19.47
19.43,50.86,0.748,21.95
20.2,49.82,0.853,21.97
21.26,50.66,0.604,20.25
22.06,44.94,1.689,19.84
16.87,56.8,1.043,7.61
12.27,53.02,0.864,22.39
12.94,46.84,0.597,22.21
15.03,41.22,0.647,21.98
16.31,41.55,0.698,21.44
22.42,31.73,0.885,18.44
17.79,46.07,0.523,10.59
18.76,47.51,0.783,19.57
19.29,48.95,1.174,19.87
17.51,52.53,0.704,20.62
17.91,60.42,0.665,17.97
18.42,59.57,0.606,18.18
18.85,54.1,0.591,17.66
18.76,44.4,0.6,19.57
19.17,38.41,0.646,19.21
17.09,43.43,1.137,19.41
12.91,48.81,0.713,17.49
12.33,45.86,0.537,19.16
12.71,42.49,0.657,18.92
13.77,46.12,0.7,18.33
16.38,56.17,0.794,17.6
14.8,64.6,0.545,12.22
16.76,59.4,0.569,11.07
17.56,75.1,0.783,7.26
18.4,73.6,0.782,9.68
16.6,82.3,1.576,10.43
10.51,84.7,1.853,5.688
10.61,78.8,0.634,9.02
11.5,75.9,0.553,11.79
13.42,73.6,0.542,13.36
15.16,79.7,0.559,5.084
15.24,80.3,0.993,10.1
12.96,76.6,0.685,15.51
12.7,82.1,0.613,8.77
14,80.5,1.596,12.04
14.38,87.8,0.939,5.498
13.06,84.5,0.918,10.41
12.02,81.9,0.511,12.31
12.77,79.7,0.452,11.03
14.75,72.2,0.994,14.02
18.89,57.29,1.578,11.88
17.05,72.2,1.324,2.7
14.29,84.9,0.614,10.28
17.01,73.6,1.017,10.38
13.45,77.7,2.427,12.98
11.6,81.7,0.524,10.27
11.89,79.5,0.532,11.25
11.48,82,0.522,8.22
11.62,62.74,1.652,12.04
6.596,76.2,0.449,12.61
6.51,73.5,0.485,12.89
6.483,74.2,0.474,12.23
7.99,74.2,0.829,12.13
9.09,65.8,1.83,12.06
8.77,59.26,1.083,8.19
8.58,72.7,0.523,6.92
7.13,85.2,0.841,7.69
5.589,87.9,0.472,4.697
6.265,89.3,0.495,2.78
6.727,93.8,0.318,1.426
5.927,92.2,0.838,3.008
5.471,94.2,0.345,4.086
7.29,91.6,0.442,5.359
10.94,77.2,0.688,5.357
11.1,76.9,1.413,5.156
9.75,81.9,0.85,5.238
10.19,85.6,0.364,7.49
7.61,79,0.64,10.52
3.609,74.6,0.557,9.97
3.371,80.7,2.375,6.772
3.678,67.95,2.306,10.03
2.979,76.7,1.951,10.04
4.345,82.9,1.445,7.11
0.877,91.6,0.419,5.321
2.085,78.5,0.797,9.77
4.492,70.9,1.37,8.98
10.33,81.8,4.3,5.014
9.25,80.9,2.224,7.37
9.61,83.4,2.331,3.227
9,70.6,2.227,5.766
3.801,78.8,0.588,9.37
4.663,81.2,0.362,9.14
4.168,85.5,0.482,7.79
5.121,80.8,0.77,7.81
2.161,68.29,0.448,10.01
-0.247,75.7,0.479,9.75
0.175,76.5,0.437,8.64
2.28,74,0.557,8.72
2.132,75.2,0.798,6.634
0.647,72.3,0.633,9.15
-0.685,79.9,0.471,9.07
1.715,79.4,0.69,8.43
1.943,79.6,0.488,9.37
1.158,85.9,0.584,4.722
4.45,82.9,0.654,3.136
3.249,78.3,0.658,9.11
1.283,76.8,0.625,9.37
0.574,77.2,0.49,9.33
-0.011,83.4,0.411,5.839
3.471,83.3,0.333,4.082
4.024,92.5,0.565,2.506
7.91,83.4,4.548,6.001
4.589,72.6,1.238,4.432
3.529,80.3,1.502,6.789
10.12,81.6,3.086,8.96
8.82,81.6,3.352,3.613
7.2,67.2,2.512,9.26
5.452,69.16,1.526,9.64
3.955,73.2,0.804,9.35
2.35,76.9,0.566,9.23
4.144,78.8,0.836,7
5.779,89.1,0.616,1.531
5.824,91.3,0.434,2.061
6.611,87.9,0.448,4.227
6.311,88.4,0.549,5.25
5.45,84.3,0.663,2.812
6.211,80.2,0.421,8.85
3.027,87.8,0.368,9.21
1.301,90.1,0.543,9.14
3.214,90.9,0.489,1.966
5.195,86.5,0.766,4.452
4.398,91.2,0.549,1.331
6.811,85.1,0.803,6.731
5.474,86.3,0.565,8.03
5.057,86.7,0.694,9.74
4.196,91,0.801,8.39
5.717,87.5,0.396,2.951
4.997,81.4,0.517,4.739
3.995,82.9,0.506,11.12
3.144,81.2,1.097,8.47
3.854,72.4,1.559,6.678
1.729,79.7,0.542,10.81
1.421,65.53,0.963,11.07
-0.682,63.41,0.81,11.51
-1.269,75.5,0.636,5.15
-0.513,77.3,0.484,7.44
3.169,75.8,0.428,11.43
3.549,79.5,0.572,9.78
4.561,78.6,0.435,11.52
5.217,81.1,0.871,7.04
3.759,75.2,0.644,10.37
1.137,71.9,0.46,12.07
1.219,69.92,0.504,12.86
2.449,64.47,0.44,13.37
3.417,61.15,0.941,13.48
2.873,66.69,0.482,13.4
4.107,67.27,0.493,7.31
8.27,61.36,0.483,10.88
7.8,69.97,0.563,11.66
5.894,67.72,0.758,13.68
6.24,68.22,0.738,14.01
6.345,73,1.924,11.61
9.31,76.2,3.954,4.286
8.37,67.02,3.592,12.58
9.65,68.95,3.594,6.149
6.155,74.8,5.474,9.53
5.108,77,3.963,6.781
4.38,75.1,1.824,6.884
2.957,81.8,0.824,6.995
2.463,86.4,0.917,4.581
2.446,73.4,1.926,13.43
3.785,78.6,1.731,3.764
3.879,83.1,2.815,6.236
4.2,75.8,1.123,15.48
3.11,69.64,0.593,16.56
2.758,64.62,0.844,16.99
4.146,62.98,1.499,17.29
7.02,72.7,3.08,10.1
9.41,77.4,3.667,5.175
4.828,60.91,3.532,12.9
5.468,55.92,1.956,18.92
7.27,73.2,1.8,16.63
11.26,74.7,1.721,18.27
10.52,77.7,2.65,14.38
9.45,52.3,2.741,18.01
13.4,53.52,4.315,18.06
11.9,60.24,0.731,18.5
10.91,59.9,0.6,19.95
10.37,55.83,0.624,19.07
10.94,54.92,0.8,19.94
10.28,72.4,1.096,14.92
10.46,78.8,1.451,8.1
11.79,79.5,2.104,7.47
10.88,73.8,2.176,12.38
9.32,79.9,1.3,9.27
10.15,81.5,1.638,10.99
10.02,71.2,3.589,13.93
12.07,71.333,3.9,5.554
11.86,77,3.06,11.72
12.76,71.8,1.289,17.21
14.28,61.53,1.497,16.57
13.78,69.41,1.724,17.57
11.39,59.45,2.225,23.12
11.76,63.27,2.69,20.71
14.05,71.6,0.734,15.87
15.05,59.5,0.848,21.61
13.74,61.55,2.243,20.29
13.77,57.54,0.81,22.93
14.48,54.62,0.755,13.31
17.2,51.11,2.269,21.26
12.05,72.2,1.773,16.53
12.68,76.9,1.526,14.1
12.62,76.6,1.708,15.38
12.37,69.06,0.603,19.34
14.62,60.2,1.22,20.25
14.15,53.48,1.31,20.17
11.38,45.93,0.824,22.6
14.25,51.18,1.153,23.74
13.8,39.91,0.754,26.16
15.19,57.8,1.314,15.42
14.06,73.5,1.987,16.38
12.5,71,1.037,15.99
10.26,81.9,1.113,7.06
10.54,70.2,0.599,22.72
13.87,59.89,1.379,23.95
14.78,57.7,1.608,23.23
12.84,77.5,1.753,8.47
13.35,78.1,0.985,13.94
15.23,71.7,0.916,14.77
17.67,56.51,0.709,23.08
18.8,50.66,0.882,26.27
19.09,41.24,0.953,27.07
18.44,47.89,0.884,25.97
16.43,43.15,1.341,27.63
14.03,44.47,1.053,27.95
15.24,43.46,0.886,28.09
16.97,47.91,1.238,27.05
19.37,43.87,1.514,24.51
15.58,67.83,0.887,6.635
15.3,75.8,1.021,9.14
15.92,73.9,0.833,11.32
16.05,70.1,0.714,17.94
15.76,58.86,1.588,21.96
14.92,43.81,1.279,27.31
17.02,41.11,0.783,28.41
19.15,51.81,0.726,27.34
18.32,63.58,1.243,19.52
18.84,69.67,0.801,23.76
20.3,60.75,0.826,26.15
21.7,57.52,0.731,24.86
22.6,54.99,0.575,26.08
23.29,53.08,0.606,26.34
25.27,49.48,0.956,24.14
22.99,41.33,2.216,19.04
20.04,39.09,1.02,29.24
19.36,43.57,1.183,26.37
20.02,41.23,1.976,26.96
16.93,43.98,2.722,26.33
15.53,39.86,0.851,25.98
15.97,39.16,0.702,30.01
19.19,33.46,0.954,25.52
20.31,30.21,1.057,24.23
23.26,34.83,1.123,26.73
21.538,62.433,1.313,6.685
22.36,56.56,0.817,26.36
24.75,41.23,1.28,28.63
23.25,33.51,2.348,27.77
22.5,37.87,1.962,19.66
20.75,62.72,1.228,23.16
19.72,67.38,1.284,19.13
19.7,65.95,0.999,21.93
21.44,59.75,0.93,29.55
23.53,54.11,0.984,27.93
24.12,53.96,1.186,23.94
24.99,51.1,0.996,26.6
26.54,47.67,0.821,28.33
27.78,41.92,1.05,27.73
25.75,42.31,1.712,22.08
22.11,49.85,1.505,29.79
23.93,44.29,1.162,28.85
24.06,45.78,0.806,28.06
25.62,35.31,2.131,29.17
25.7,36.37,1.503,29.22
26.08,42.73,0.977,27.57
25.05,46.86,0.721,27.23
25.83,32.6,1.459,29.28
24.1,38,1.705,30.08
23.22,40.92,1.554,27.83
24.02,36.79,1.587,29.44
24.54,41.62,0.79,28.29
25.15,43.93,0.701,27.88
26.8,47.94,0.805,27.93
28.18,42.88,0.749,28.82
29.45,32.41,1.245,26.13
27.23,37.9,0.827,16.68
28.5,32.35,1.217,19.88
27.94,36.34,1.426,26.21
27.18,43.55,1.024,20.59
28.5,36.93,1.023,24.18
28.8,40.96,0.868,27.86
28.72,40.68,0.969,24.53
25.99,51.98,1.246,18.44
26.56,50.62,1.124,23.5
27.35,45.63,0.742,26.42
28.37,36.58,1.175,28.1
27.18,27.76,1.342,29.29
25.73,38.72,0.699,28.78
28.82,36.7,0.862,27.97
27.79,33.62,1.047,27.69
26.43,38.69,1.11,27.25
25.9,33.35,1.563,26.84
23.78,44.8,0.737,27.65
25.59,41.59,0.815,27.62
27.11,34.95,1.089,27.5
27.54,35.04,1.701,27.7
27.11,35.8,0.621,27.27
28.15,40.96,0.775,26.41
27.06,40.2,1.015,25.68
23.47,38.85,0.874,27.79
24.7,38,0.681,27.56
24.56,34.9,0.812,27.52
25.48,36.06,0.764,26.18
24.62,38.36,1.255,26.54
23.75,39.86,0.779,26.88
24.36,34.7,0.661,26.24
26.5,33.72,0.902,25.86
24.13,32.41,1.147,25.18
21.24,39.65,0.833,26.38
23.62,31.68,1.432,25.03
22.53,38.92,2.393,24.56
19.25,50.18,2.952,23.24
17.99,63.16,2.095,13.3
17.05,64.8,1.645,16.81
17.29,60.8,0.754,24.39
20.37,47.42,0.704,26.17
23.77,41.29,0.845,25.77
25.24,42.28,0.797,25.49
25.95,40.41,0.985,24
24.22,40.2,0.917,23.85
23.74,42.81,1.086,23.48
22.57,44.52,0.73,22.36
22.72,43.08,0.746,24.43
24.96,40.93,0.941,24.03
24.88,37.84,0.872,24.5
23.86,35.83,0.764,24.44
24.88,48.35,0.842,23.56
25.62,41.24,1.024,23.9
25.67,31.65,1.011,20.7
25.38,34.65,0.644,22.38
28.95,34.98,0.932,22.14
28.15,36.71,0.902,21.61
26.49,42.41,0.938,20.88
25.24,45.65,0.914,19.91
24.5,46.52,0.701,20.94
22.48,59.67,1.034,16
22.89,59.43,0.648,20.67
24.66,47.38,1.292,20.32
21.1,54.34,1.042,13.02
19.85,58.85,1.696,17.69
17.65,62.26,1.946,15.59
16.02,56.16,1.746,13.12
15.64,54.74,1.001,21.72
17.51,47.93,0.999,21.35
18.91,50.59,0.684,20.62
19.849,47.042,0.447,0.993
21.48,43.29,0.928,15.8
20.37,55.38,1.807,7.18
15.87,67.83,0.832,16.53
14.82,69.7,1.281,13.36
15.77,69.27,2.424,11.3
18.39,57.22,1.562,17.9
17.5,54.1,0.597,19.63
19.72,48.16,1.455,19.78
20.98,52.81,2.392,18.1
19.54,59.18,1.826,14.82
19.68,63.45,1.589,14.38
18.56,65.56,0.766,16.69
20.31,52.18,1.639,15.83
14.29,64.53,2.049,13.8
13.45,59.36,0.591,17.92
15.62,49.58,0.95,17.71
17.76,56.69,0.499,13.8
19.73,51.59,0.642,15.54
20.59,48.54,0.805,16.35
18.88,61.87,0.683,7.48
17.9,57.78,2.196,11.79
14.52,51.45,0.763,17.44
14.2,53.17,0.695,17.03
15.7,57.63,0.737,16.54
17.95,55.24,1.134,13.2
19.02,57.33,1.712,11.24
13.87,87.6,0.682,1.857
15.08,81.1,1.49,5.455
14.58,81.5,1.868,4.047
14.87,88,1.203,2.095
14.67,80.5,1.799,8.27
16.33,78.2,1.791,4.076
15.74,84.7,1.641,3.076
16.67,80.7,0.813,7.06
17.3,73.1,1.268,4.797
15.6,75.4,1.123,9.51
16.14,77,0.822,10.07
17.26,75.2,0.642,12.91
16.81,73.1,0.446,13.28
15.33,77.2,0.432,10.18
15.01,77.5,0.863,11.96
14.16,82,0.45,8.6
13.48,89.2,0.389,4.98
13.16,86.3,1.568,2.508
13.22,82.5,1.433,1.936
13.57,76.4,1.03,5.483
12.08,78.7,0.648,6.299
13.32,86.7,0.598,2.061
14.93,80.8,0.959,5.877
13.6,74.4,0.845,12.11
11.45,81.4,0.503,11.37
10.15,81.6,0.358,11.83
9.36,82.7,0.385,10.84
8.65,82.8,0.465,11.26
8.4,82.2,0.487,11.14
10.26,73.5,0.705,9.95
11.75,84.1,1.712,1.894
8.09,79.8,1.656,9.05
11.08,79.8,0.684,3.44
9.96,84.2,0.853,9.64
11.19,83.4,2.197,8.61
10.76,83,2.795,4.963
12.7,79.1,3.625,10.2
12.68,77.9,2.251,5.374
14.75,71.3,2.565,1.481
6.786,89.6,0.337,5.891
6.728,84.3,0.455,7.52
7.8,83.5,0.393,4.39
8.76,81.9,0.471,9.06
6.554,84.8,0.564,9
6.376,88.6,0.432,6.127
9.13,86,0.705,3.205
8.23,87.6,1.808,3.044
12.97,85.4,2.295,3.302
11.22,84.8,2.001,3.413
7.55,71.6,2.844,9.65
6.966,88.1,1.231,2.206
8.8,70.7,3.515,7.2
4.202,79.6,1.594,8.03
2.87,78.6,0.651,9.07
2.054,79.9,0.598,9.61
4.31,82.1,0.457,4.666
4.919,80.9,0.42,8.91
2.726,84.7,0.422,9.01
2.087,84.1,0.297,7.26
2.554,83.6,0.304,8.18
2.419,87.2,0.394,6.887
3.235,84.8,0.375,5.196
1.947,75.4,0.482,7.55
0.769,73.1,0.516,8.01
0.389,79,0.395,8.5
0.501,80.9,0.485,8.27
3.26,75.1,0.917,7.77
0.595,83.1,0.608,8.31
0.823,78.1,0.412,8.7
1.499,76.4,0.345,8.26
2.967,72.1,0.55,8.82
1.881,75.7,0.495,8.5
3.226,78.7,0.496,8.59
4.963,82.1,0.517,5.918
8.11,88,0.314,1.634
6.487,88.7,0.402,2.862
5.935,84.7,0.409,7.53
2.598,84.4,0.421,8.5
3.565,80.8,0.556,8.52
3.096,83.7,0.368,7.52
2.701,86.8,0.362,7.86
1.667,95.7,0.755,1.89
6.705,88.1,1.11,2.045
5.895,84,0.537,3.791
3.161,89.6,0.773,3.105
3.38,84.3,0.544,6.835
3.285,82.9,0.526,9.12
4.387,81,0.462,8.58
5.56,80.3,0.455,6.717
5.19,84.6,0.596,6.001
6.864,86.1,1.232,4.051
6.757,83.1,0.899,1.728
6.508,84.3,0.406,4.231
5.117,91.2,0.478,4.615
4.495,92.5,0.496,5.459
4.206,88.4,0.467,6.694
4.099,87.3,2.023,2.406
3.947,73.8,2.266,10.18
0.652,70.4,1.259,10.95
1.756,71.1,1.818,4.441
2.094,61.85,1.348,6.788
1.523,42.8,0.776,11.87
1.161,69.06,0.9,3.937
5.482,80.7,0.519,1.162
5.862,85.7,0.683,7.52
4.162,81.7,0.541,8.99
2.631,81,0.476,11.84
4.167,79,0.996,7.36
7.91,81.2,0.453,8.87
6.864,87.7,0.429,4.062
6.53,88.2,1.341,4.567
6.836,80,2.411,8.84
7.7,90.2,0.58,2.847
8.06,74.6,3.213,11.7
10.75,76.7,2.911,11.98
12.51,82.1,2.584,5.184
11.63,77.7,2.037,8.78
9.2,84.1,0.813,8.14
10.11,76.1,1.837,8.62
6.76,76.7,0.594,12.07
10.61,64.89,2.274,13.33
8.19,76.6,2.899,11.32
7.77,73.3,2.262,11.96
6.188,79.6,1.221,12.42
6.62,83.7,0.538,4.749
6.424,80.7,1.229,13.74
6.933,84.4,1.347,6.968
9.01,83,2.771,7.29
9.04,82,2.668,6.779
9.87,74.1,2.999,6.736
7.87,65.15,1.066,16.46
8.42,71.9,1.09,16.04
11.4,78.4,2.697,13.93
10.77,75.5,2.855,16.77
9.84,78.7,2.332,15.12
11.2,77.9,1.237,12.92
11.02,71.6,1.861,16.42
8.02,60.2,1.172,18.05
6.84,78.5,1.268,4.129
11.42,62.57,5.294,12.9
8.46,51.84,2.266,18.91
7.42,67.46,0.74,15.85
10.67,38.01,1.096,18.06
7.17,45.74,0.78,20.08
7.34,57.1,0.886,19.06
8.88,60.93,0.761,19.79
10.42,50.13,1.057,19.01
9.81,53.61,0.803,19.76
10.76,56.9,0.838,18.26
10.2,59.62,0.659,19.26
9.98,59.18,1.604,20
8.78,49.89,3.45,19.17
4.358,54.71,2.869,19.23
2.874,53.475,1.515,0.924
4.378,49.31,1.497,20.9
8.04,54.77,1.232,14.48
7.92,57.31,0.818,21.87
7.83,56.88,0.928,20.35
8.81,69.95,1.061,15.52
9.21,78.3,0.937,8.81
8.4,67.96,0.826,16.5
9.95,59.95,0.951,14.9
9.22,59.93,2.405,16.65
9.37,74.6,2.07,14.12
6.959,81.2,0.957,11.48
5.936,79.6,0.99,12.45
6.506,75.4,1.513,14.2
7.31,75,1.473,6.815
5.345,67.42,0.882,15.26
7.52,85,0.93,6.946
6.766,80.9,0.737,10.36
9.45,76.8,0.646,13.07
10.39,77.9,1.153,14.38
12.7,75.7,0.656,11.81
11.9,73.5,1.14,16.18
11.18,83.5,0.734,11.74
11.8,81.8,0.682,13.23
12.38,74.2,0.721,20.2
13.3,71.1,0.757,21.04
12.76,74.5,0.785,20.55
12.48,75.4,0.676,18.41
14.41,61.68,1.015,22.77
15.28,57.24,0.719,24.93
16.34,59.35,0.814,22.12
15.71,54.34,0.89,25.08
15.15,60.27,0.952,24.86
16.61,58.1,0.773,25.85
17.99,46.33,0.759,24.67
12.56,83.8,0.757,5.238
11.26,86.2,0.875,11.52
11.93,78.4,0.769,18.81
11.07,82.1,0.992,13.76
12.44,76.7,0.84,20.61
12.11,72.4,2.465,17.48
10.04,65.37,2.202,19.79
10.57,83.6,0.938,6.899
11.34,78,0.832,15.86
12.8,69.67,0.642,19.5
11.38,65.7,1.037,21.74
12.51,62.07,0.987,26.89
15.25,58.66,0.671,27.66
17.52,55.67,0.789,28.52
18.43,58.11,0.646,28.01
18.96,55.74,1.193,27.67
17.83,50.83,1.598,28.25
17.66,57.52,1.09,20.41
17.07,53.09,2.154,24.45
13.14,51.97,1.944,26.09
13.56,53.52,0.64,28.66
16.63,51.28,0.607,26.26
18.96,55.92,0.937,24.81
22.24,55.56,0.608,28
23.33,49.87,1.163,23.32
17.97,66.24,1.255,14.86
17.8,69.8,0.747,20.25
17.12,74.6,1.791,16.76
16.74,75.9,1.451,16.13
12.94,88.5,0.661,7
12,87,0.644,8.42
14.43,73.5,1.622,22.11
16.32,65.66,2.696,20.12
13.24,56.74,1.738,30.2
15.83,58.72,1.099,29.6
18.25,58.74,2.217,29.11
16.62,56.67,2.59,26.28
16.86,51.28,0.782,29.68
18.06,56.08,0.936,27.05
18.43,56.32,0.501,24.24
19.98,51.22,0.908,29.69
18.93,53.35,0.841,28.88
19.32,53.3,0.692,29.92
21.68,51.48,0.724,29.61
21.67,57.59,0.796,22.55
21.18,64.54,0.775,20.01
19.65,60.95,1.308,26.1
19.76,56.35,0.739,29.13
21.77,50.72,1.031,29.46
21.17,47.93,1.691,28.13
17.73,69.7,1.669,14.68
17.56,77.7,1.753,13.55
17.55,87,0.83,7.69
17.69,81.9,0.86,9.55
20.27,67.18,0.832,25.76
19.33,61.68,1.605,26.38
17.38,64.57,1.289,17.05
17.76,52.79,1.068,26.65
18.14,52.86,0.634,29.76
22.09,48.38,0.939,29.39
25.09,46,1.491,27.34
22.17,47.14,1.884,29.42
20.48,46.65,0.857,28.94
21.05,47.25,0.794,28.82
23.28,48,0.971,27.23
23.75,37.83,1.181,29.68
24.12,38.84,1.235,29.03
22.29,45.67,1.939,26.99
21.98,42.98,0.891,29.18
24.42,44.47,1.43,27.11
24.83,40.54,1.223,28.82
22.69,34.93,0.909,29.23
25.78,36.65,0.874,27.75
26.17,39.93,1.011,23.81
26.38,41.5,1.498,27.39
22.34,43.59,1.182,28.59
21.13,37.7,0.861,29.12
22.99,42.62,0.734,28.7
25.77,38.9,0.886,27.75
27.51,37.29,1.005,27.73
28.92,28.83,1.537,26.86
27.18,30.74,1.518,26.45
23.56,45.39,1.695,27
24.32,42.53,1.046,28.16
24.45,36.57,1.233,28.74
22.96,35.43,1.727,28.63
22.16,33.62,0.885,26.98
22.63,33.81,1.424,28.44
22.46,33.14,1.351,26.69
22.37,41.98,2.978,24.15
21.44,42.59,0.687,28.27
24.29,37.09,0.891,27.61
26.28,32.76,1.028,27.79
27.11,30.92,1.004,28.04
27.86,32.58,0.634,27.37
28.52,33.49,0.997,25.71
27.59,29.61,0.752,26.91
27.88,26.5,1.179,26.56
26.74,29.43,1.365,25.49
25.39,35.88,0.77,26.62
26.93,37.65,0.866,25.73
29.36,39.39,0.749,25.18
26.14,41.55,1.373,14.93
24.02,58.13,1.119,24
23.82,52.81,0.936,22.94
23.16,40.29,0.819,24.92
23.6,38.21,1.029,22.78
23.93,34.65,1.28,25.59
22.83,35.58,1.135,25.39
23.91,40.2,1.067,25.44
24.49,36.38,1.353,25.42
24.11,42.86,2.172,25.99
22.8,41.34,0.778,25.96
23.91,42.87,0.931,22.99
25.51,44.5,1.199,25.27
22.94,34.56,0.925,25.5
22.13,34.56,1.191,24.93
20.67,35.43,1.348,24.92
18.16,44.64,1.013,24.71
20.25,44.42,0.863,23.78
20.06,53.55,1.152,17.04
21.28,69.32,2.275,9.71
26.23,47.1,2.037,15.81
29.25,31.27,1.462,15.29
28.01,38.31,1.002,21.73
22.61,40.86,1.937,24.02
20.9,42.81,0.977,22.99
19.44,37.41,0.873,24.18
22.65,42.23,0.873,21.6
23.98,45.55,0.667,22.35
23.87,38.9,0.709,22.2
22.48,36.17,0.814,23.05
22.56,37.63,0.835,22.9
22.6,50.71,0.66,22.75
22.22,37.31,0.799,22.73
21.85,41.47,0.776,21.94
22.82,44.1,0.895,16.45
22.58,51.7,0.916,20.1
22.34,51.66,0.772,20.93
22.07,52.91,1.128,16.88
21.85,60.5,0.99,16.46
19.45,65.42,0.969,14.86
20.43,58.67,0.747,18.11
22.42,52.36,0.797,18.17
20.9,55.9,1.57,17.1
19.85,52.17,0.77,18.69
20.67,48.44,0.899,17.2
22.36,57.14,1.019,17.2
20.24,62.57,1.098,13.13
20.2,60.5,0.695,19.22
20.82,59.09,0.639,18.2
21.32,49.08,0.861,19.24
19.95,44.78,0.964,19.53
15.54,43.68,0.804,20.24
12.6,47.03,0.767,19.72
14.81,43.01,0.66,19.56
16.79,68.41,1.354,7.32
17.56,63.41,1.146,11.51
17.8,72.6,0.767,10.11
17.54,76.6,0.593,9.03
15.15,87.8,0.682,5.275
14.96,82,0.439,11.36
16.33,76.1,0.871,15.26
16.05,72,0.718,17
15.87,74,0.496,13.39
16.78,68.07,0.493,16.43
16.14,58.63,0.733,17.76
14.86,63.01,0.538,16.95
14.64,52.16,1.102,16.86
14.59,58.31,0.789,16.84
13.53,62.33,0.598,16.84
14.37,62.76,0.665,15.66
15.32,64.71,0.575,14.53
15.94,66.09,0.66,14.68
15.23,63.07,0.632,15.29
14.8,58.11,0.674,15.42
13.2,67.06,0.49,15.39
12.84,61.47,0.655,15.34
10.65,64.42,0.529,13.66
12.58,54.6,1.035,14.67
14.53,54.86,0.555,8.95
11.98,81.8,0.878,3.347
10.47,66.93,0.691,13.77
8.37,65.21,0.653,14.13
8.45,65.4,0.827,12.94
10.42,63.72,0.535,14.2
11.52,59.54,0.6,13.57
11.04,56.78,0.927,14.03
8.41,55.71,0.855,13.91
7.58,55.51,0.454,13.65
8.57,56.5,0.48,13.64
8.65,64.78,0.558,13.28
8.83,58.99,0.516,13.35
8.7,60.19,0.412,12.69
8.01,63.77,0.642,12.93
7.69,64.21,0.513,12.61
7.88,63.63,0.555,12.38
7.99,59.65,0.56,8.08
6.914,61.98,0.598,11.43
4.979,54.81,0.543,12.1
6.908,44.7,0.43,11.75
7.09,47.65,0.45,11.87
5.863,56.63,0.688,11.47
6.204,62.86,0.68,10.98
2.05,41.84,0.693,12.18
0.057,35.33,0.561,11.86
0.765,39.41,0.801,11.66
2.51,54.17,0.635,5.087
11.93,85.8,2.115,1.976
7.78,80.9,1.475,6.673
5.723,83.6,0.775,7.9
5.34,79,0.534,9.34
4.612,72.3,0.82,10.81
4.852,62.26,0.817,10.83
5.406,72.6,0.665,10.33
5.773,67.75,0.716,10.49
2.481,76.9,0.451,10.08
2.355,78.6,0.511,8.86
2.537,76.7,0.486,9.88
3.88,79.1,0.512,8.05
4.142,88.6,0.486,5.174
6.831,82.5,1.145,8.31
4.289,84.7,0.483,7.8
4.174,83.4,0.542,9.08
4.632,83.6,0.388,8.13
2.222,93.3,0.532,2.27
3.34,93.7,0.479,2.966
8.44,78.4,2.234,2.995
6.407,61.84,1.286,9.62
1.249,74.9,0.577,9.2
0.631,69.06,0.396,9.19
0.569,65.22,0.549,9.5
-1.17,71.5,0.526,9.52
-1.966,74,0.598,9.16
-0.549,71,0.781,9.12
0.701,75.9,0.531,7.11
4.601,82.3,1.148,1.336
6.389,73.4,1.596,4.667
8.14,74.5,1.833,1.297
8.17,75.1,1.111,3.605
5.894,87.8,0.575,1.886
7.9,78.7,0.556,6.636
4.7,82.2,0.522,7.9
3.069,81,0.528,8.03
6.204,73.4,0.61,6.468
3.628,78.3,0.532,7.96
1.344,83,0.433,8.77
0.105,86.5,0.545,7.58
2.136,80.5,0.506,8.18
0.026,78.5,0.463,9.13
0.055,79.7,0.408,4.685
5.78,85.7,1.107,2.534
6.84,80.1,2.866,3.869
5.256,80.5,0.75,7.76
7.67,82.9,1.83,5.24
10.8,84.8,1.709,3.555
9.12,81.2,0.383,4.086
6.055,88.9,0.413,2.534
8.07,88.3,0.367,3.215
8.74,86.6,0.491,4.143
6.837,76.4,2.776,2.069
2.641,76,1.126,9.79
3.388,76.9,0.748,10.11
6.091,85.7,1.612,6.265
6.278,81.3,2.18,3.23
9.41,68.49,4.158,5.594
6.539,79.9,2.312,8.41
6.15,88.8,0.571,4.91
6.228,85.6,0.44,8.69
6.307,83.4,0.425,10.15
5.582,83.8,0.526,8.7
4.923,81.3,0.505,7.45
5.743,74.1,0.488,10.54
5.026,80.5,0.538,9.73
4.866,80.4,0.749,6.659
4.35,75.4,0.735,10.4
3.824,75.4,0.451,11.25
4.117,69.14,0.41,11.62
4.206,65.9,0.617,11.9
4.376,66.86,0.601,11.26
3.636,66.52,0.501,12.47
2.978,68.81,0.955,7.12
4.018,84.9,0.692,6.454
7.78,78.1,2.397,3.57
7.32,75.3,2.681,10.02
4.249,82.9,0.757,10.08
4.352,81,0.453,11.19
6.837,69.58,0.796,13
7.27,62.5,0.779,13.76
7.08,63.09,0.935,13.74
5.908,63.16,0.898,14.05
5.31,61.62,0.743,14.26
6.05,64.52,1.519,9.18
6.023,62.48,1.936,8.55
8.87,63.37,1.838,2.798
9.13,67.38,0.565,6.622
7.93,66.41,1.316,13.36
7.91,66.03,2.622,7.09
8.54,81.3,1.267,2.77
10.32,83.3,1.284,5.072
9.49,84.8,0.479,7.1
10.34,73.1,0.882,10.53
10.19,63.86,1.336,15.5
10.71,60.06,1.456,10.75
9.03,85.9,0.809,1.888
9.19,85.2,0.341,5.797
7.84,83.6,0.545,10.54
10.54,75.6,0.834,13.74
11.8,76.5,0.576,11.19
10.78,73.5,0.588,12.97
10.12,72.5,0.574,15.07
11.42,65.63,0.617,17.47
11.87,62.37,0.77,17
7.26,54.3,1.389,17.34
4.717,44,1.844,18.37
4.579,45.3,1.078,18.52
6.509,44.2,1.212,19.14
8.3,41.84,1.09,18.01
8.55,51.14,2.183,15.79
7.77,68.74,3.733,5.746
13.54,66.29,2.771,17.48
13.22,63.84,1.647,18.01
11.74,53.15,0.691,19.56
13.63,51.85,0.927,16.97
13.96,49.72,3.903,19.3
11.33,51.06,2.086,20.61
11.67,55.58,2.202,19.04
9.63,63.03,2.301,13.76
8.62,51.43,0.807,18.59
7.19,45.16,1.08,10.73
8.1,41.27,2.008,21.54
8.68,58.2,3.346,12.21
4.938,54.43,2.452,17.67
8.54,50.58,2.548,19.7
11.14,52.15,1.508,21.4
10.49,49.99,3.547,12.55
11.48,60.39,5.22,5.899
12.58,55,1.973,20.39
13.8,50.85,1.045,19.58
10.35,64.21,2.858,15.65
10.32,46.24,2.478,23.08
11.62,51.77,1.077,22.34
14.01,50.06,0.811,24.01
16.32,31.25,0.973,24.55
15.12,30.71,0.923,24.76
14.48,48.94,0.729,24.38
15.26,40.2,1.641,20.72
13.67,66.05,2.483,11.69
11.58,77.8,2.502,10.01
14.98,70.7,3.353,10.17
12.92,72.4,3.328,10.66
7.75,77.1,2.167,7.3
9.57,61.23,1.387,19.27
10.29,68.49,3.304,23.57
10.72,60.81,0.693,24.53
11.35,59.54,0.619,23.26
14.64,55.46,1.354,18.85
10.69,77,2.475,1.399
10.16,72.6,4.841,18.61
9.83,78.2,2.381,7.12
9.36,77,3.436,13.9
10.75,71.5,3.643,14.47
12.57,65.43,2.308,20.85
15.58,64.81,1.274,25.45
16.49,62.32,0.593,24.07
18.28,52.6,0.84,26.71
18.6,50.27,0.678,26.71
19.1,47.65,1.189,25.11
17.08,44.35,2.807,20.5
13.69,46.44,3.019,27.9
12.99,45.14,2.094,28.37
13.82,47.03,0.931,28.25
17.92,42.97,0.869,27.13
20.32,33.16,0.923,23.21
20.35,40.94,1.199,21
20.29,47.94,0.864,25.74
21.39,43.05,0.76,23.14
19.21,47.97,1.557,17.65
14.76,75.1,1.069,6.049
15.21,70.4,1.44,15.84
10.03,85.1,1.496,4.245
14.44,65.92,0.9,19.49
15.66,61.26,0.869,26.88
15.19,73.2,1.596,18.05
14.62,68.7,1.665,15.11
15.12,63.14,1.274,22.37
15.32,70.5,1.613,17.89
15.35,64.21,1.403,20.2
12.89,74,1.497,18.91
13.99,64.56,1.147,21.17
15.22,59.48,1.411,25.32
16.07,67.22,1.282,17.38
18.43,55.02,2.031,26.77
15.37,76.6,2.032,12.16
13.64,69.45,2.091,20.42
11.68,80.8,0.755,11.46
12.7,69.55,1.364,20.72
14.51,63.45,1.695,22.07
13.79,70.3,1.674,13.89
14.86,64.73,1.585,16.19
13.98,75.5,0.628,14.27
14.49,74.4,1.654,17.18
15.78,69.12,1.39,17.12
16.85,68.13,1.387,20.35
17.45,58.65,0.698,28.08
19.1,53.98,0.9,26.89
17.6,65.79,0.866,15.71
17.15,55.39,0.865,29.6
17.69,45.67,1.086,30.01
14.15,52.38,1.142,16.43
13.01,77.8,1.112,13.73
15.79,70.9,0.879,21.1
16.54,71.4,0.7,23.15
18.39,60.25,0.827,22.99
19.81,51.68,0.986,26.99
21.71,47.04,1.085,29.48
21.58,43.06,2.205,23.58
18.82,64.52,2.863,21.61
18.24,64.03,0.562,25.45
21.55,52.3,0.969,30.44
23.67,47.94,1.069,30.01
24.83,44.54,0.871,29.7
27.2,36.88,1.115,22.23
28.22,27.3,1.445,30.28
26.22,37.13,1.362,20.84
22.79,61.4,0.89,27.35
26.03,50.43,0.731,29.17
28.54,37.96,1.471,29.44
27.07,43.22,0.838,28.86
27.49,42.12,0.916,29.05
28.93,34.11,1.326,27.19
27.65,31.07,1.382,29.39
27.25,29.75,1.431,29.5
22.81,37.06,2.195,23.66
20.6,35.09,1.186,30.29
23.32,32.46,1.171,29.81
26.33,39.03,1.989,28.74
23.46,33.32,2.746,29.87
21.22,32.46,1.331,29.98
22.11,37.3,0.894,27.36
25.14,38.76,1.125,29.49
25.11,30.01,1.505,28.14
24.48,38.62,2.195,29.27
21.55,46.9,2.041,24.11
19.86,43.19,0.783,29.46
23.15,37.2,1.015,29.2
23.9,47.46,1.162,28.6
22.57,51.06,0.997,21.25
23.62,52.59,0.642,27.79
26.03,44.68,0.789,28.55
29.8,35.93,1.15,27.01
29.03,33.2,2.156,25.89
27.34,36.7,0.848,28.02
26.21,33.16,1.053,28.02
29.26,36.98,1.277,26.79
27,24.13,2.374,27.44
25.33,36.21,3.23,28.14
26.07,39.12,2.191,27.95
26.33,31.29,1.532,28.43
25.15,36.01,1.978,27.68
24.6,31.85,1.301,28.15
24.9,33.73,1.339,28.4
25.18,31.65,2.06,27.69
25.99,38.98,1.53,25.83
26.35,38.28,0.827,27.03
29.96,37.14,1.024,24.25
29.65,35.41,1.019,26.54
29.51,31.35,1.325,24.62
27.81,29.72,1.583,25.25
26.81,23.44,2.167,27.27
23.66,35.77,0.859,27.25
25.1,40.33,0.882,25.16
26.65,34.31,1.304,25.95
26.33,32.81,2.927,25.36
23.51,47.04,3.544,22.83
21.97,36,0.809,24.68
21.99,40.17,1.99,18.56
19.6,34.28,0.872,26.88
20.15,36.1,1.45,22.47
21.69,46.87,1.01,25.98
23.34,36.42,0.926,25.82
23.2,35.71,1.567,25.59
22.04,36.3,0.898,25.65
25.61,36.66,1.163,23.77
26.04,32.34,1.245,22.83
24.43,45.37,0.998,22.26
25.1,42.55,1.153,24.44
24.19,35.07,0.837,24.49
26.84,44.87,1.005,22.77
26.94,44.04,1.422,20.97
26.42,41.72,1.031,20.55
27.11,32.64,1.308,23.09
23.22,41.69,1.654,19.05
22.57,41.16,1.209,22.78
22.45,43.54,0.788,22.22
22.53,40.67,1.228,21.39
21.22,42.44,1.689,22.89
20.51,47.48,1.675,21.26
19.74,53.02,2.703,19.55
19.16,58.02,2.017,15.47
18.5,48.32,0.802,22.38
24.48,53,1.547,19.86
22.78,64.31,0.975,10.7
20.96,65.77,0.736,11.95
21.68,51.51,2.052,20.37
16.91,36.93,1.129,21.75
15.83,43.33,0.737,21.93
16.18,42.18,0.543,22.06
18.34,36.68,0.834,21.76
19.67,38.38,0.749,21.1
20.84,40.45,0.896,19.55
20.75,49.07,1.153,14.12
20.12,51.02,0.67,19.75
20.78,51.3,0.634,18.39
19.34,64.32,0.667,11.69
18.7,72.1,1.831,14.99
18.31,64.29,0.732,16.61
17.47,52.79,0.801,18.87
15.55,60.72,0.911,16.51
15.89,53.22,0.754,19.65
16.72,58.68,1.441,16.46
14.27,72.5,0.707,4.878
15.98,59.33,0.668,18.87
14.85,57.52,0.618,18.93
14.91,49.88,0.778,17.99
16.46,40.89,1.746,18.89
12.61,46.74,1.022,18.86
10.26,50.9,0.625,18.23
12.2,45.75,0.793,18.31
13.48,43.59,0.885,18.21
12.21,59.09,0.696,7.27
12.32,70.4,0.729,10.87
14,50.71,1.101,17.08
17.94,52.58,1.752,8.52
17.54,67.5,2.466,9.14
17.72,80.5,0.95,11.7
16.59,82.9,0.592,9.27
16.65,76.3,0.426,13.61
16,76.9,0.454,14.48
16.85,67.55,0.769,14.29
17.72,68.1,0.848,13.37
14.02,90.6,0.251,3.385
16.81,75.5,0.837,11.13
18.33,70.6,0.858,11.33
16.32,80.1,0.646,8.61
10.84,78.1,1.157,2.55
10.55,79,0.747,5.875
12.03,72.3,0.656,11.95
12.59,75.1,0.474,13.74
12.53,77.3,0.505,13.53
13.06,75.7,0.693,13.4
8.27,85.3,1.179,1.132
6.054,70.4,1.53,10.88
7.01,81.9,1.899,2.329
9.19,88.2,0.904,2.415
7.92,80.2,0.404,6.395
8.56,75.1,1.175,9.43
6.932,81.4,0.367,7.32
6.811,82.8,1.117,7.3
7.36,79.6,0.729,8.09
7.04,78.2,1.188,9.65
7.51,86.3,0.641,7.07
9.27,82.8,0.76,6.484
6.247,85.4,0.402,9.58
7.51,82.4,0.471,10.87
7.89,84.3,0.478,6.088
8.45,70.3,0.984,10.09
5.794,70.3,0.74,11.45
5.95,68.74,0.676,11.33
4.889,79.1,0.39,11.11
4.483,78.1,0.367,11.17
5.856,75.3,0.466,10.75
4.407,79.1,0.405,6.546
6.709,71.4,0.682,10.45
4.836,75.9,0.569,10.7
4.804,76.9,0.526,10.47
8.38,70.2,1.215,10.28
7.16,71.6,0.774,9.66
6.108,71.1,2.631,8
2.74,74.4,0.809,9.43
0.724,66.76,0.734,8.89
-0.295,72.7,0.63,10.4
0.967,76.2,1.561,8.52
5.149,74.2,4.124,6.797
3.52,77.1,2.221,6.841
2.636,80.3,2.319,4.512
2.702,67.44,1.29,8.92
3.096,82.6,2.391,2.45
5.947,86.4,2.235,2.714
11.38,76.7,4.098,8.14
7.79,86.2,1.064,3.908
10.37,86,1.334,2.948
9.66,90.8,0.528,1.799
6.809,86.7,0.774,2.679
3.02,70.7,1.116,6.223
2.694,73.4,1.831,9.39
3.234,84.3,0.512,3.051
1.579,92,1.082,1.572
3.106,77.7,2.609,5.418
2.142,71.6,1.753,9.26
2.349,78.4,0.882,9.18
2.872,79.7,0.805,7.4
2.978,81.3,0.516,8.7
2.407,82.6,0.371,9.01
2.48,84.2,0.487,8.49
2.96,80.5,0.295,9.43
2.855,75.5,0.587,9.52
1.905,75.4,0.495,9.49
1.556,74.2,0.476,9.43
0.187,74.6,0.531,9.44
-0.153,75.8,0.646,8.96
3.959,73.3,1.857,5.498
5.798,74.7,0.879,3.414
7.03,82.3,0.495,5.165
5.626,87.2,0.583,4.737
7.33,79.5,0.702,4.417
7.46,84.6,0.347,4.137
7.35,84.8,0.338,5.298
7.2,90.5,0.34,2.013
5.615,82.2,0.667,8.63
1.64,92.9,0.524,3.244
2.46,74.1,0.676,8.09
-1.631,68.88,0.579,9.67
-2.799,72.5,0.493,6.624
-1.955,88.6,0.455,2.019
-5.309,91.8,0.617,4.875
-4.279,86.2,0.517,9.74
-3.316,84,0.454,9.86
-0.674,90.2,0.272,2.92
0.431,93.9,0.855,2.054
2.256,84.6,0.532,5.547
1.115,86.1,0.458,8.48
2.542,82.4,0.512,9.05
3.459,86.5,1.006,7.01
9.65,80.4,2.85,5.482
3.425,76.7,2.055,5.844
1.559,74.7,1.667,10.07
7.43,85.5,2.931,1.388
13.06,75.9,6.446,5.57
8.65,60.85,5.391,8.85
4.905,76.8,3.137,3.704
4.716,70.5,3.453,10.51
6.58,70.5,3.331,11.66
9.74,85.5,4.114,3.924
10.67,84.2,2.952,4.944
8.28,76.9,0.752,9.78
6.901,71.8,2.811,5.851
4.359,83,1.8,1.544
5.539,86.3,1.241,2.517
4.749,84.9,1.446,3.057
6.082,80.6,2.287,5.055
5.504,80.1,1.084,5.644
2.952,79.8,2.499,5.682
2.65,68.58,2.632,11.86
5.385,74,3.6,7.31
9.45,81.2,2.939,5.213
8.91,67.71,2.53,10.87
5.497,66.31,1.31,13.48
5.366,72.8,0.699,13.84
5.143,67.78,0.521,14.52
4.834,66.53,0.431,14.83
5.348,70.1,0.814,13.16
4.744,75.8,0.583,13.95
4.393,65.99,0.605,14.81
5.988,63.65,1.036,15.19
6.641,60.16,0.414,0.277
10.65,67.21,2.352,8.75
7.98,73.2,0.785,14.22
6.672,63.09,0.676,16.14
7.16,71.8,0.688,16.32
8,68.86,0,0
10.12,72.3,0.954,14.15
8.84,70.4,0.767,16.86
7.67,62.77,0.621,16.03
9.4,67.66,1.352,8.15
8.48,89.4,1.675,7.18
7.85,87.5,0,0
7.81,94.7,1.03,2.454
7.67,81.4,3.821,5.892
7.69,67.28,5.353,16.66
10.32,64.48,2.651,8.92
13.06,60.66,1.54,18.78
9.5,76.1,0,0
10.2,65.7,0.702,19.77
9.75,66.41,0.634,19.13
10.59,61.37,0.549,18.77
12.02,61.41,0.753,19.57
12.5,67.05,0.568,19.99
12.82,62.83,0.571,19.77
14.82,54.51,0.741,19.14
14.25,54.48,0.89,20.23
12.15,51.45,1.46,20.8
11.9,53.13,1.049,21.14
11.39,59.96,0.723,21.41
12.76,51.18,0.735,21.12
11.33,56.81,0.797,21.12
11.25,61.93,0.846,20.87
11.29,55.93,0.615,20.76
12.06,50.04,0.77,19.09
10.6,48.66,0.774,22.44
11.83,45.25,0.723,22.57
13.87,47.71,1.162,19.36
10.88,68.96,1.281,10.56
7.35,66.19,1.062,12.18
5.777,81.1,0.987,6.592
7.06,70.1,0,0
7.88,64.86,0,0
10.09,62.82,0.606,21.76
11.52,64.86,0.91,22.5
13.75,60.14,0.819,23.02
15.42,53.94,1.593,23.61
14.4,57.67,1.136,17.69
11,57.35,1.504,18.54
10.2,60.34,0.646,24.08
14.47,51.72,1.229,22.09
9.15,70.7,2.913,13.1
8.83,59.62,2.011,18.95
8.04,62.15,7.02,0
10.71,55.77,1.542,25.57
10.98,75.4,1.596,8.51
8.68,79.9,2.276,18.25
8.85,83.4,2.417,18.53
9.72,78.1,2.164,17.82
11.31,75.8,1.777,17.39
12.64,66.91,0.974,19.42
12.64,63.75,0.871,25.09
12.95,58.14,0.829,26.49
13.59,53.12,1.009,27.29
14.96,50.89,0.788,27.42
17.05,47.87,1.106,26.21
14.48,48.19,2.891,26.24
9.96,70.6,1.724,11.24
11.87,60.6,0,0
14.32,53.54,2.868,18.22
15.72,50.89,2.008,27.5
14.01,66.74,3.101,19.1
14.18,56.33,1.233,27.35
15.34,53.03,0.754,28.43
17.13,48.83,0.74,28.46
18.19,46.37,0.796,28.11
19.03,40.56,0.968,28.54
21.41,45.21,0.813,28.11
21.52,45.23,0.902,26.77
21.41,40.99,1.308,22.71
18.76,55.84,1.331,19.89
17.52,69.18,1.285,19.18
18.36,57.83,2.075,25.19
17.4,57.88,1.136,24.03
17.84,49.73,2.077,26.79
16.53,47.97,2.652,24.51
16.7,38.22,1.31,29.3
18.47,40.8,1.552,27.66
19.22,44.31,2.608,28.75
17.9,42.3,1.054,29.49
19.98,41.29,0.888,29.26
24.1,40.86,1.381,27.88
24.84,41.13,0.927,22.89
23.9,44.11,1.141,25.03
15.3,84.3,1.186,5.182
17.44,71.8,1.165,24.2
17.49,65.35,1.399,23.77
18.01,58.49,1.249,29.33
18.44,43.7,1.162,28.09
21.62,33.55,1.476,30.05
23.4,34.21,1.163,29.36
23.64,41.08,1.116,26.8
23.58,45.73,1.062,28.24
24.33,33.76,0.895,29.95
24.23,33.77,0.833,28.89
25.08,35.85,1.303,28.57
23.91,38.33,1.923,20.33
18.63,51.51,3.387,21.22
15.49,70.6,3.239,19.98
17.33,57.68,2.472,24.69
16.38,63.55,2.477,14.3
17.08,55.19,2.157,28.57
21.1,49.46,1.952,29.38
24.03,44.12,1.093,30.86
26.51,40.08,0.863,30.37
28.17,35.79,0.967,24.6
28.18,39.59,1.017,21.34
26.32,49.98,1.184,28.12
24.42,61.3,1.035,9.4
26.2,54.41,0.92,28.75
28.58,42.2,1.216,23.98
29.48,38.46,1.17,28.65
28.1,39.78,1.233,28.94
24.56,24.76,0.95,31.51
25.15,31.97,1.102,26.06
26.36,32.23,2.106,30.28
25.67,32.34,2.774,30.88
23.62,40.03,3.265,30.37
21.84,35.93,2.153,30.2
22.86,34.21,1.262,30.2
23.64,42.36,1.632,24.83
25.41,43.73,1.005,29.08
27.97,41.02,1.277,29.91
29.06,35.93,1.708,29.38
28.57,32.85,2.075,29.81
27.86,32.8,2.133,30.19
26.99,34.28,2.836,30.37
26.17,30.72,2.632,28.22
25.52,35.65,2.703,29.37
24.74,30.23,1.234,29.5
25.67,36.39,1.274,29.56
27.24,39.3,1.4,29.22
27.37,34.07,1.349,29.21
27.28,29.34,1.431,29.44
26.63,31.66,1.233,30.17
27.67,30.35,1.779,29.24
25.68,25.55,2.663,29.78
24.82,35.15,1.228,30.06
26.87,30.31,1.778,29.46
23.16,31.72,2.224,29.76
21.8,31.08,0.79,30.05
24.73,30.72,0.917,28.63
26.65,37.26,0.729,20.18
30.68,31.26,2.512,25.45
28.3,25.34,2.521,28.42
24.36,48.71,2.417,27.47
23.71,43.01,1.624,29.11
25.57,38.03,0.922,29.03
28.89,41.41,1.325,28.52
27.88,22.23,1.887,28.69
26.84,30.23,1.184,28.69
26.09,24.49,2.097,28.68
25.82,28.75,1.277,28.57
27.11,27.66,1.675,28.82
24.68,37.47,3.066,27.37
22.75,39.35,1.153,26.37
24.95,32.72,0.88,27.74
26.85,43.07,0.758,25.91
27.84,37.63,1.229,26.61
28.07,31.05,1.922,26.28
26.5,33.17,1.311,27.02
26.52,38.1,1.346,24.83
24.97,46.1,1.133,25.96
23.53,58.43,1.215,22.85
24.63,62.09,0.843,26.2
26.7,48.37,0.688,26.46
27.65,40.6,1.398,25.35
26.97,48.08,0.895,24.77
27.71,35.35,0.938,26.35
28.29,31.51,0.943,26.59
29.23,35.02,1.029,24.38
30.44,25.22,1.159,24.33
28.59,33.57,0.773,26.14
27.62,33.13,0.927,25.81
26.55,35.16,0.866,26.04
27.3,39.08,0.731,25.35
28.44,33.09,0.938,25.48
26.46,28.68,1.676,21.83
24.77,39.11,2.042,24.8
23.95,42.03,0.955,25.26
24.79,40.72,0.725,25.12
25.67,40.7,0.713,24.96
26.73,45.56,0.874,24.38
27.03,40.05,0.893,24.12
28.51,42.58,1.052,23.3
27.13,47.44,1.476,22.72
25.05,41.11,1.848,22.49
23.34,36.7,1.062,24.04
25.17,41.1,0.984,23.9
24.67,49.2,1.241,22.43
26.81,51.73,0.941,22.64
26.69,51.7,1.202,21.45
26.23,45.83,1.114,21.94
25.76,38.59,0.87,21.3
25.37,36.94,0.876,22.08
24.46,32.77,1.073,19.26
23.67,44.22,1.391,20.01
21.94,49.6,0.96,16.19
20.74,44.96,0.947,21.29
18.06,40.63,1.03,21.78
15.47,55.41,0.832,19.58
12.06,86.7,0.836,5.83
13.47,85.6,1.399,10.34
16.61,72.3,1.49,16.78
17.36,63.57,0.558,17.29
16.92,60.83,0.778,19.61
19.08,55.46,0.882,20.82
20.77,54.48,1.002,15.61
19.49,60.28,0.592,19.92
19.01,53.54,0.552,20.09
20.47,46.1,1.035,18.31
20.18,58.91,0.813,16.78
19.15,56.45,0.859,14.35
18.02,66.03,0.539,6.337
18.77,74.7,0.793,12.96
18.53,73.2,0.972,14.34
19.27,59.57,0.962,18.14
17.56,55.11,0.689,18.77
18.33,51.37,0.718,17.46
20.39,47.07,0.663,14.82
21.38,49.05,0.896,15.79
20.12,62.99,1.305,7.75
17.56,79.4,1.035,16.18
16.84,74,0.559,17.06
17.89,63.16,0.553,15.66
18.89,60.52,0.605,16.98
18.63,52.98,0.81,17.47
17.92,46.56,0.849,15.65
17.31,59.54,0.61,17.01
15.93,39.29,0.749,17.14
11.12,39.71,0.654,17.19
12.41,49.35,0.557,17
11.57,38.44,0.611,17.03
12.88,57.58,0.697,14.17
14.22,74.7,1.238,3.392
11.8,82.2,2.302,7.38
14.06,70.6,3.27,11.78
13.27,74.5,1.828,14.69
14.01,84.1,0.789,11.19
15.23,82.9,0.417,12.32
16.34,78.8,0.47,14.22
16.39,76.3,0.517,13.69
15.1,81.3,0.583,12.82
16.41,72.1,0.476,13.02
16.69,68.24,0.649,13.36
16.03,71.7,0.587,12.13
17.91,69.34,1.494,12.32
15.34,51.14,2.117,12.63
12.08,64.02,1.528,12.59
12.59,64.92,2.658,10.1
9.69,63.67,2.445,9.77
13.1,69.82,3.043,10.13
13.49,62.59,3.683,8.48
10.84,53.2,2.975,10.93
10.5,51.3,1.971,13.89
8.8,68.71,1.394,8.85
11.32,72.2,1.405,11.69
9.65,76.2,0.57,11.34
11.1,63.49,0.62,10.16
12.72,69.25,1.187,6.079
14.12,70.5,1.331,9.82
13.18,64.17,0.991,7.79
12.97,57.21,0.587,6.584
11.68,70.5,0.436,6.747
11.84,68.8,0.506,9.87
9.83,71.3,0.501,9.72
11.18,72.6,0.616,6.696
11.48,73.1,1.597,10.1
6.718,76,0.575,10.55
5.745,74.8,0.504,10.6
6.242,74.4,0.503,4.18
11.01,88.4,0.391,4.292
9.28,83.8,1.708,6.952
7.19,88.2,0.763,7.35
7.94,84.9,2.321,1.442
5.484,79.6,2.875,9.38
6.897,79.4,2.423,6.785
10.68,92.3,1.391,2.724
9.36,76.2,2.7,9.5
7.52,82.1,1.413,9.67
4.165,92.3,0.685,8.1
9.22,83.3,0.976,7.04
10.65,89.3,0.858,3.79
9.62,93.1,0.601,4.693
5.588,96.6,0.355,2.88
4.39,97.5,0.53,5.289
4.103,97.7,0.777,6.968
3.506,100,0.643,2.784
2.942,81,0,0
0.205,86.8,0.841,3.248
-2.967,83.2,0.921,9.37
-1.645,93.8,0.534,2.71
6.571,88.9,2.391,5.472
3.517,84.5,0.533,2.189
0.158,69.12,0.682,9.28
-2.378,78.7,0.374,9.31
1.46,98.4,0.645,1.711
8.19,90.1,2.093,3.096
10.41,86.5,3.072,4.291
12.33,81.9,3.835,5.537
7.05,86.6,1.039,5.603
7.21,94.3,0.928,2.346
3.662,94,0.52,5.706
8.49,96.7,0.712,1.095
12.42,95.3,0.987,1.278
11.09,82.8,2.586,4.467
8.15,83.5,4.09,3.89
6.635,82.9,3.911,4.225
6.125,90.3,0.998,4.713
5.493,95.4,0.423,3.596
9.05,93.5,0.693,0.547404050827026
8.85,90.9,1.398,0.610786736011505
6.145,86.5,1.981,0.747952878475189
2.755,95.7,1.13,1.284
1.802,65.28,2.583,8.78
0.51,70.4,2.992,8.72
-2.192,92,0.377,4.28
-0.462,93.2,0.298,4.19
2.639,99.4,0.857,1.476
7.45,91.4,1.358,0.589710354804993
9.66,71.7,5.809,7.65
7.06,83.9,0.619,6.456
7.81,89.1,0.41,4.347
9.54,93.7,0.732,4.779
8.66,90.7,0.763,7.03
9.84,93.5,1.073,1.884
8.58,88.3,2.878,6.251
4.2,94.5,0.471,6.199
4.262,95.8,0.563,5.323
8.08,81.6,1.271,8.23
7.73,80.5,0.523,8.25
6.795,67.14,0.968,11.05
4.21,83,0.822,8.92
0.595,85.7,0.893,6.424
1.333,81.1,0.682,12.01
4.681,75.3,2.518,12.2
6.416,71.4,2.2,12.28
5.256,77.1,2.393,12.06
4.758,65.58,0.836,12.93
1.973,75.8,0.507,12.9
4.088,75.4,0.515,12.52
8.49,88.8,0.884,3.835
9.4,79.7,4.045,10.33
8.16,81.8,2.178,13.27
6.306,87,0.494,7.65
8.21,93.1,1.645,3.68
7.65,75.9,2.472,11.43
3.35,75.3,1.28,8.7
1.727,63.27,1.052,10.26
0.513,68.55,0.76,11.55
1.488,66.71,0.846,10.22
0.304,69.39,0.504,12.79
1.492,92.3,0.872,1.69
5.69,97.6,0.808,2.273
8.82,82.9,3.166,7.83
5.564,87.9,0.666,7.56
6.39,76.6,1.583,9.23
4.216,78.5,2.216,15.58
5.914,91.3,0.928,2.341
10.29,81.5,2.732,8.92
10.3,78.2,3.582,5.625
10.84,72.8,3.743,11.63
11.24,79.4,3.633,4.631
9.5,78.5,1.479,9.11
13.89,73.1,3.167,3.11
9.9,66.7,2.785,16.51
9.01,76.4,2.659,12.19
8.41,72.2,1.878,10.32
9.23,85.5,1.554,8.97
10.03,82.8,1.858,14.32
8,91.6,1.062,2.35
5.283,88.1,1.385,2.516
7.37,88.2,1.238,5.807
3.929,62.07,1.072,16.8
3.776,58.63,1.092,19.12
2.423,62.73,0.959,18.95
2.664,66.04,0.569,18.8
3.556,71.7,0.882,5.519
3.394,69.63,0.75,19.59
6.121,57.77,0.854,20.49
5.989,58.19,0.637,21.02
9.02,46.87,1.074,20.22
11.76,42.28,1.346,21.05
12.53,57.73,0.665,12.8
13.4,72.5,0.973,8.45
16.23,54.05,2.421,9.71
12.88,79.7,0.803,7.86
12.82,73.1,0.722,17.25
13.31,66.75,1.09,14.57
14.48,70.1,1.968,15.28
10.29,82.3,2.66,7.78
9.31,72.4,2.69,16.59
10.67,71,1.851,18.46
11.39,70.1,0.693,19.43
11.5,72.8,3.032,11.82
9.89,69.67,4.698,13.4
9.5,64.7,3.227,23
9.91,56.54,1.485,20.4
9.44,60.18,2.218,24.09
9.08,77.2,2.214,16.18
9.68,62.45,0.886,23.64
10.16,60.03,1.882,22.56
12.14,55.73,1.029,23.17
13.6,54.83,1.287,23.6
11.39,53.33,0.937,26.06
12.3,52.29,1.301,26.19
13.6,50.17,1.43,26.08
13.12,49.75,0.746,27.35
12.56,56.27,0.928,21.11
8.94,86.1,0.909,4.132
10.91,92.6,0.997,6.503
12.49,85.4,1.235,10.95
12.66,82.6,0.997,10.36
12.57,82.6,0.948,10.84
12.42,86.3,0.774,10.19
13,79.3,0.815,19.28
14.22,76.4,0.595,16.92
15.44,77.5,0.84,15.06
16.17,74,1.816,18.01
15.76,73.4,0.905,22.84
16.11,73.9,0.786,22.95
18.1,70.2,0.628,25.57
19.14,68.11,0.63,26.59
19.64,62.94,0.537,26.36
20.78,58.02,0.91,27.14
19.82,60.18,0.984,25.41
18.52,68.87,1.406,24.39
17.27,62.22,1.64,23.53
17.03,62.29,1.337,27.21
12.48,52.27,2.321,22.28
8.73,49.62,2.081,22.46
10.35,48.85,1.217,24.52
10.43,57.16,0.64,29.2
12.98,61.7,1.859,19.87
12.96,74.6,1.542,14.41
14.08,81.6,2.042,16.79
12.85,80.8,1.508,13.6
11.58,77.2,1.033,14.87
12.46,69.3,2.482,18.05
10.2,70.6,1.919,23.09
10.75,66.57,1.742,19.75
12.57,55.25,1.916,24.63
12.71,57.16,0.722,28.54
15.58,56.54,0.683,29.78
17.45,54.59,0.66,30.48
19.06,49.47,0.83,31.03
18.55,49.14,0.975,31.45
20.52,48.77,0.921,31.49
21.58,44.45,0.736,31.14
21.89,48.68,1.182,30.65
20.98,53.45,0.832,26.9
19.19,55.41,1.685,29.59
18.35,58.63,1.524,29.72
18.36,56.81,1.395,25.3
17.64,66.1,1.088,25.26
19.21,61.3,0.814,27.31
21.87,54.51,0.722,30.81
23.89,53.42,0.652,30.4
25.29,49.39,0.874,27.04
23.9,51.03,0.588,22.61
24.99,48.82,0.874,26.8
24.76,49.39,0.73,31.33
25.72,47.4,0.975,29.99
24.5,36.11,1.559,29.31
23.61,45.62,1.626,31.09
20.14,57.65,2.129,26.53
14.78,89.9,1.212,4.856
15.35,74.7,2.193,20.2
15.72,70.8,2.412,16.98
14.44,89.4,0.75,7.57
18.4,69.35,0.727,23.62
18.06,72.4,0.797,21.66
15.55,58.09,1.062,22.23
14.15,65.83,0.978,14.53
17.12,60.01,0.727,28.17
19.82,58.46,1.165,26.78
20.48,54.85,1.129,28.05
19.02,47.67,1.093,32.4
17.89,40.48,0.821,32.74
21.82,43.86,0.662,32.4
23.94,44.66,0.775,32.12
25.42,46.63,0.914,29.78
25.23,51.66,1.238,29.74
24.09,56.5,0.866,25.51
23.33,62.18,1.019,24.38
24.94,47.35,0.906,30.93
25.86,48.33,0.885,27.97
25.97,46.69,0.725,30.99
25.45,47.81,1.1,23.78
25.56,49.13,0.862,23.74
22.79,68.22,0.846,18.22
26.45,52.36,0.77,30.31
27.38,46.93,0.704,30.78
28.53,43.11,0.787,30.53
29.55,41.82,0.867,30.05
29.02,37.72,1.05,12.61
27.62,45.09,0.875,30.42
27.7,44.17,0.646,30.23
28.78,42.72,0.771,29.04
28.35,36.16,1.531,30.39
26.43,34,1.478,31.02
25.15,36.63,1.911,30.96
24.19,39.14,0.92,31.34
25.03,35.16,0.964,31.2
26.02,38.66,0.658,30.66
28.65,44.14,0.826,29.85
28.14,40.02,0.818,29.41
28.31,35.84,1.166,29.46
26.67,39.65,1.462,29.33
26.3,38.36,1.346,27.85
25.75,44.13,0.849,29.37
27.05,35.57,0.999,28.15
26.68,27.65,0.843,30.04
25.73,32.65,0.897,30.23
26.96,36.15,0.686,29.36
28.49,39.63,0.808,28.91
27.96,33.58,1.027,24.67
26.44,38.71,0.69,28.29
28.35,39.4,0.833,27.09
28.12,39,0.998,27.36
27.67,37.87,1.243,28.08
24.97,41.74,0.906,26.29
25.8,38.17,0.889,26.45
25.59,36.54,0.863,27.09
25.99,35.89,0.81,26.44
28.41,46.35,0.777,25.69
27.4,48.64,0.624,14.2
27.02,58.02,0.629,22.17
28.01,48.23,0.821,18.33
26.48,39.91,0.919,25.26
24.59,36.33,0.986,23.68
22.83,47.02,1.271,21.95
20.93,39.15,0.758,27.61
22.65,36.82,1.087,27.14
19.98,63.82,0.774,10.51
22.16,67.48,0.632,17.34
24.46,54,0.725,23.61
21.38,70.6,0.805,14.77
24.4,63.56,0.529,24.23
28.06,42.75,0.762,25.14
28.69,40.85,1.23,25.62
26.42,35.96,1.959,26.53
24.96,50.8,1.322,26.2
26.57,40.96,0.618,26.01
29.41,35.75,1.243,25.28
27.14,34.6,1.701,25.65
24.84,36.81,0.676,25.88
25.55,35.31,0.844,25.11
29.45,19.89,0,0
25.1,39.65,0.701,22.37
23.3,66.08,1.053,15.49
21.7,72.8,0.578,19.39
23.58,60.6,0.533,23.52
24.8,52.9,0.681,23.22
25.42,46.55,0.641,20.44
25.18,39.89,1.509,21.88
20.97,53.02,3.158,18.87
19.92,46.58,1.424,23.1
19.39,47.06,0.601,23.19
20.11,41.97,0.592,23.36
22.23,38.71,0.688,23.19
24.94,39.77,0.759,21.93
24.6,43.76,0.732,21.88
23.49,35.13,0.614,22.46
23.84,44.29,0.602,20.36
22.04,63.1,1.239,10.36
18.29,79.2,0.669,11.5
18.82,72,0.507,14.08
19.69,65.51,0.573,19.58
16.57,81,0.73,4.024
18.45,72.9,0.431,17.29
19.92,63.59,0.689,17.93
19.52,63.74,1.261,8.84
19.74,52.54,1.721,17.57
17.01,51.73,0.623,20.14
14.25,56.68,0.59,20.6
15.13,52.05,0.772,19.94
16.22,51.9,0.684,19.67
16.91,49.82,0.829,19.14
17.6,49.81,0.812,17.48
17.26,53.04,0.724,18.95
17.36,44.91,0.798,18.57
14.82,64.71,1.901,8.4
15.32,68.17,1.865,14.58
14.35,63.82,0.568,18.43
15.92,60.03,0.494,18.22
19.33,65.31,0.92,13.45
20.2,64.5,1.135,14.51
15.35,87.3,0.735,1.767
13.11,81.4,1.086,11.63
13.15,82.2,0.457,9
14.13,80,0.525,11.2
14.91,75.6,0.525,14.75
15.07,68.58,0.55,16.23
11.95,67.72,0.511,16.66
11.15,67.87,0.561,16.42
11.38,60.65,0.687,16.69
8.52,60.3,0.571,16.66
9.16,60.57,0.464,16.22
10.45,59.88,0.444,16.05
10.93,61.31,0.436,15.55
10.68,71.2,0.469,10.97
11.89,68.69,0.398,14.08
13.45,61.69,1.606,14.01
13.69,48.93,1.29,14.35
8.12,48.36,0.783,15.09
9.39,45.09,0.495,14.13
11.23,46.78,0.47,8.06
12.47,62.03,1.886,10.92
10.73,86,1.295,4.037
11.8,73.8,3.169,7.41
12.21,66.08,1.912,8.77
10.71,72.4,0.832,13.4
10.87,77,0.469,13.06
11.9,76,0.424,13.03
12.88,69.74,0.581,12.71
12.29,73.5,0.69,12.19
10.95,70.2,1.089,7.93
9.88,71.5,4.253,4.984
11.99,62.46,5.227,10.31
10.28,58.3,2.747,8.7
7.95,67.94,1.528,11.09
8.85,80,0.578,11.79
9.27,78.7,0.618,7.04
9.82,83.7,1.146,3.117
7.51,69.39,1.823,11.08
6.264,71.6,0.881,10.9
6.952,83.8,1.424,3.612
5.581,81.3,1.128,10.92
7.14,79,0.747,7.68
9.28,77.9,1.634,6.565
8.38,76.5,2.934,9.16
7.9,75,1.952,7.96
6.15,77.1,0.705,9.81
6.919,76.6,0.433,10.69
4.102,75.5,0.621,9.93
0.662,88.3,0.561,1.655
5.351,87.8,1.038,3.595
3.781,87.6,1.266,2.831
3.781,75.8,1.559,6.757
2.398,69.75,1.632,10.12
0.695,74.6,0.471,8.43
5.535,78.6,0.62,2.047
14.47,77.9,2.147,8.23
12.86,80.3,2.248,1.704
13.31,77.4,1.762,3.989
11.93,90.3,0.589,4.938
9.72,86.8,0.56,6.649
9.45,89.5,0.786,4.574
7.11,94,0.506,4.463
8.9,89.7,0.392,4.83
8.06,81.8,0.487,7.58
1.651,67.28,0.677,9.56
-1.273,68.58,0.572,9.67
-1.534,69.03,0.757,9.55
0.6,80.8,0.386,3.208
5.813,91.3,1.146,2.897
7.07,78.7,0.701,7.45
10.19,87.3,1.459,2.216
10.31,80.8,1.574,2.659
6.92,77.3,2.188,2.879
3.434,61.6,2.281,9.68
1.258,71,0.419,9.24
-1.275,70.9,0.534,9.81
-0.565,75.5,0.511,8.69
2.976,76.6,0.488,5.799
5.832,80.5,0.555,8.11
6.061,86,0.67,2.455
8.62,86.4,0.472,4.338
7.83,89.1,0.73,5.214
7.89,85.7,0.691,6.565
2.947,91.1,0.445,4.489
6.87,87,0.714,1.976
7.93,89,0.362,2.592
12.5,78.5,2.216,4.878
11.39,69.18,1.737,3.137
10.55,77.2,1.423,2.245
8.72,87.2,0.803,4.293
6.776,83.2,1.995,6.098
10.2,83.8,2.311,8.42
7.23,87.1,0.459,7.93
5.588,90.2,0.405,7.1
5.391,88.8,0.48,8.06
4.828,86.7,0.334,8.99
5.475,83.6,0.429,10.17
4.526,93,0.425,2.414
4.574,92.3,0.558,4.725
5.294,87.7,0.495,7.2
5.084,84.5,0.487,5.821
2.324,39.69,1.019,11.8
-0.002,47.6,0.755,11.27
-0.795,54.04,0.969,11.78
0.519,56.92,0.859,11.93
0.6,70.2,0.569,11.72
0.245,80.8,0.567,6.635
4.408,79.9,1.188,4.699
6.316,81.3,1.735,5.471
4.226,84.2,1.725,8.28
2.609,86.5,0.57,5.271
3.091,75.8,0.677,10.56
1.971,71.7,0.822,12.26
2.113,69.15,0.932,12.87
2.702,70.1,0.542,12.81
3.958,71.7,0.565,13.3
4.963,68.46,0.557,13.25
5.782,65.73,0.451,13.13
5.406,64.69,0.461,13.4
4.646,63.85,0.54,13.26
4.911,70.1,0.483,13.18
5.387,69.11,0.476,13.2
5.1,72.7,0.545,12.13
5.663,70.2,1.111,13.53
6.084,74.9,1.85,7.59
5.535,73.5,2.781,10.96
6.482,88.3,1.673,2.86
6.267,78.6,2.822,5.967
7.23,69.76,3.702,9.14
6.975,73.8,1.739,13.74
8.09,89.4,0.672,3.976
9.96,79.7,1.913,12.41
9.62,73.2,2.532,7.7
11.51,66.31,3.308,15.3
13.36,90.8,3.077,0
9.69,70.1,0.529,16.72
9.9,68.95,0.757,16.86
11.51,61.29,0.975,15.93
8.59,57.4,1.135,16.54
5.256,56.86,1.869,12.96
4.723,56.13,1.086,9.88
5.535,60.57,0.673,7.22
2.731,69.27,0.652,9.32
3.899,80.3,1.28,5.768
6.788,70,1.682,14.05
6.606,68.3,0.622,16.54
10.83,51.5,1.801,17.87
11.02,79.7,8.26,0
9.36,71.4,1.655,9.79
8.65,70,1.023,18.53
8.45,97.7,7.23,0
9.91,87.4,0.876,11.02
9.54,86,1.037,11.24
10.28,85.5,1.672,6.16
9.56,78.3,3.491,12.16
8.19,78.7,2.769,4.733
10.851,71.4,1.266,14.81
10.02,73.9,0.747,21.1
11.34,66.69,0.597,21.23
11.14,59.97,0.573,22.04
10.94,65.26,1.742,18.8
9.23,62.1,2.346,16.72
8.39,80.1,1.981,3.459
11.45,73.2,3.498,11.55
12.66,76.3,1.072,13.5
12.74,77.9,1.218,14.74
11.06,78.2,3.529,11.58
10.49,78.8,1.951,16.14
13.12,73.7,2.101,18.05
13.27,74.5,1.769,20.01
13.3,74.7,0.68,22.83
15.88,64.5,0.755,23.2
16.25,61.85,0.865,16.03
13.53,82.3,1.046,6.633
15.35,79.1,0.627,21.59
17.22,65.66,1.317,23.61
17.34,60.67,1.336,18.53
17.91,51.86,0.732,21.85
17.33,59.94,0.524,23.05
18.12,61.43,1.428,24.35
17.41,63.45,1.099,23.28
15.74,58.91,0.987,23.84
15.77,57.37,0.773,24.94
16.04,56.22,0.773,25.34
17.34,50.35,1.146,25.1
15.96,45.62,0.9,25.61
15.78,59.65,1.782,23.76
15.89,50.98,1.234,25.34
16.19,45.63,1.287,23.77
16.05,63.5,1.315,17.38
16.86,69.32,1.521,14.7
14.05,82.9,1.589,13.55
11.39,87.7,0.907,10.2
12.64,81,0.519,17.85
14.25,74.1,0.792,19.65
14.05,83.3,0.776,17.16
15.42,71,0.83,23.6
16.14,68.05,0.565,27.55
16.92,65.44,0.81,27.05
14.8,72.5,1.012,14.16
13.75,80.1,1.028,12.02
15.96,67.45,1.021,20.57
17,70.9,0.91,26.14
17.5,67.44,1.516,20.22
17.16,60.75,1.028,26.86
17.48,61.78,0.765,26.21
19.09,63.27,1.875,21.03
14.78,80.8,1.617,12.78
15.41,72.4,0.791,28.6
18.72,65.58,0.692,28.07
20.46,57.78,1.373,28.9
20.25,57.17,0.962,27.15
18.7,65.2,0.688,13.58
20.92,59.22,0.709,27.29
18.4,73.2,1.019,22.73
15.49,55.49,0.946,30.21
18.01,58.3,0.988,29.21
17.81,67.34,0.727,19.66
17.72,67.65,1.336,23.85
14.53,81.3,0.972,11.69
17.72,65.25,0.71,29.78
20.26,57.3,0.657,28.84
20.75,55.93,0.686,27.25
21.96,55.26,0.609,29.65
22.43,56.27,0.599,25.89
23.84,44.34,0.872,28.93
22.7,50.69,1.511,22.83
19.77,77.3,0.854,16.9
20.88,67.57,0.858,28.65
22.32,63.65,1.405,27.3
19.86,72.8,1.811,23.47
22.42,61.43,3.783,0
17.06,39.08,1.45,30.62
16.93,48.89,1.124,24.97
17.89,52.03,0.835,28.06
19.14,54.25,0.682,28.12
20.91,54.02,1.046,28.59
16.66,87,0.832,12.85
15.61,88.6,1.034,17.29
18.18,65.2,1.262,27.08
18.73,56.81,1.515,26.3
19.21,56.22,1.085,24.59
20.68,57.61,0.664,28.8
23.1,51.89,1.092,29.87
24.7,36.66,1.686,30.1
23.58,44.63,0.962,30.7
24.58,43.71,1.051,30.17
24.2,42.47,1.686,27.57
23.78,41.71,1.862,29.07
22.9,45.49,1.517,29.64
22.83,47.37,0.71,30.58
26.25,47.91,0.923,29.9
27.31,42.58,1.276,29.64
25.43,38.22,2.199,30.06
23.96,36.94,0.957,30.53
25.09,49.74,0.768,29.89
28.67,46.75,0.815,29.75
29.8,40.85,0.718,28.97
29.92,36.6,1.229,29.07
27.85,43.16,1.492,29.43
26.46,41.92,1.173,29.3
25.73,42.63,1.201,30.15
26.06,43.3,1.374,26.38
26.97,40.89,1.12,27.71
25.84,32.02,2.242,25.58
24.58,40.63,1.497,28.94
26.09,37.73,1.617,29.59
26.01,33.62,1.941,30.3
23.03,33.13,2.267,30.35
22.47,36.92,1.252,30.22
24.9,42.34,1.354,30.05
25.23,40.47,1.213,30.03
26.02,37.48,1.159,30.03
23.75,49.95,1.864,27.3
20.18,57.48,0.967,27.87
21.11,48.68,0.669,30.05
23.52,47.17,0.76,29.72
26.06,40.75,1.61,29.29
24.5,41.76,1.605,28.4
23.12,39.46,1.381,28.3
22.86,41.32,1.661,28.99
22.73,42.7,0.818,29.66
24.85,41.6,0.898,29.6
24.78,43.76,1.199,28.66
24.44,40.27,1.147,27.96
22.36,42.02,0.697,26.94
23.52,50.66,0.646,28.03
26.69,43.44,0.813,28.03
25.2,46.53,0.894,28.77
26.65,53.85,0.897,27.29
27.79,42.74,1.405,26.99
28.06,34.67,1.442,27.48
27.2,38.73,0.804,27.76
27.6,40.94,1.393,20.31
23.83,48.25,1.792,24.39
24.23,48.38,0.792,27.9
26.24,38.33,1.014,27.58
26.12,38.66,1.516,23.4
25.97,40.29,2.971,26.75
26.46,43.18,2.225,27.35
25.26,39.15,0.622,27.44
25.04,38.01,0.826,27.28
27.25,41.46,0.856,26.38
28.12,49.56,0.854,26.05
26.52,51.91,1.087,13.64
24.32,65.94,0.918,25.56
26.24,51.14,1.164,24.13
26.66,46.74,0.866,26.47
27.37,49.4,0.895,26.31
27.41,44.74,0.967,25.65
27.63,45.27,1.368,20.75
29.22,41.5,0.863,24.34
30.35,36.69,1.134,24.03
28.23,41.66,1.599,20.96
23.62,57.04,1.425,25.21
24.28,49.74,1.025,25.04
24.45,44.52,1.423,25.27
24.11,41.48,1.649,25.18
21.63,46.48,2.225,22.42
19.72,39.46,0.654,26.06
23.47,43.62,1.011,24.33
23.32,38.11,1.045,23.7
23.17,33.83,1.112,24.61
22.87,50.79,1.391,14.52
21.66,58.83,1.162,18.75
20.12,58.37,1.038,16
20.29,59.14,1.626,10.44
21.62,52.72,2.301,23.77
20.56,51.19,0.601,23.8
21.71,49.41,0.689,23.49
22.48,43.38,0.657,23.79
22.99,37.91,0.819,23.42
24.17,35.94,0.831,22.99
23.74,38.48,1.055,22.4
21.97,49.9,1.333,17.83
21.58,43.93,0.536,22.77
23.95,46.72,0.574,22.05
25.52,38.96,1.058,21.67
25.51,44.07,0.924,21.89
24.48,50.25,0.813,20.53
23.78,48.63,1.42,19.97
20.83,40.12,1.27,19.94
16.13,49.3,0.677,21.81
18.53,45.26,0.55,21.41
20.38,48.77,0.777,20.24
20.62,50.4,0.626,20.37
21.34,47.98,0.958,18.46
19.84,43.39,1.482,20.3
17.6,49.14,0.492,20.22
18.99,50.99,0.529,19.66
20.31,50.77,0.643,18.91
19.88,47.11,0.674,14.38
20.43,51.45,0.892,17.95
20.3,59.2,0.806,17.76
20.72,58.05,1.257,18.1
18.95,62.34,0.63,18.12
17.91,54.5,0.534,16.86
17.9,45.67,0.45,18.45
17.55,44.69,0.497,18.21
18.4,46.54,0.434,17.66
16.9,49.89,0.965,12.46
14.65,52.67,0.844,17.77
15.41,54.11,0.659,17.64
16.88,49.58,0.527,17.44
17.61,45,0.447,17.36
17.87,42.77,0.515,17.06
17.84,40.97,0.495,17.62
16.85,42.11,0.439,17.54
17.97,53.97,0.797,16.69
16.63,62.2,0.491,16.19
14.99,67.16,0.494,14.77
14.33,63.96,0.475,15.69
15.23,51.79,0.674,13.72
13.27,48.43,0.746,16.59
11.02,54.84,0.598,15.64
15.22,58.78,0.807,13.52
15.88,62.96,1.555,9.39
13.87,76.6,1.968,6.835
10.3,70.6,1.919,13.91
11.97,76,0.996,7.91
13.01,86.6,1.43,8.03
12.73,81.1,0.619,14.11
11.54,84.3,0.359,13.55
13.06,84.4,0.337,13.89
13.97,83.5,0.482,13.1
14.57,82.5,0.64,8.94
14.81,81.4,1.287,4.541
12.75,86.3,1.289,7.58
10.33,92,1.076,3.201
10.55,79,2.758,6.098
11.23,65.7,1.633,12.64
10.76,86.8,0.471,2.54
9.96,82,1.218,11.87
10.48,85.1,0.399,8.79
13.26,87.6,0.309,6.702
13.71,80.9,0.817,11.67
14.38,74.9,1.146,12.27
15.06,72.9,1.484,5.737
13.21,78.3,1.978,2.805
8.75,91.5,0.581,7.11
8.5,87.4,0.899,10.95
9.23,83.5,0.658,10.47
11.72,82.8,1.178,7.33
12.67,78.3,1.744,5.215
12.11,92.8,0.518,2.494
12.07,85.3,0.667,8.94
10.09,91.4,1.354,2.689
11.63,83.6,0.694,7.8
8.54,86.8,0.513,9.48
7.72,88.1,0.386,10.55
5.97,88.1,0.354,10.6
5.419,89.5,0.386,10.71
5.257,88.8,0.413,10.2
5.53,89.2,0.399,9.96
4.913,93.1,0.445,8.27
5.086,93.4,0.471,7.98
6.66,84,0.845,4.768
4.59,88.9,0.446,6.143
4.407,89.3,0.701,9.37
6.624,88.7,1.228,9.31
7.62,88.5,0.986,9.61
4.834,99.3,0.477,3.241
3.313,100,0.493,4.297
2.753,99.5,0.418,4.089
3.281,98.4,0.681,1.511
5.649,96.6,0.852,2.172
8.42,93.2,2.211,3.292
9.44,84,1.768,6.728
10.26,83.5,2.171,6.711
6.978,85.5,1.638,7.82
10.1,79.5,4.178,2.509
6.436,61.94,1.649,7.81
3.116,76,0.513,9.58
1.399,81.8,0.599,9.15
1.938,81.5,0.634,8.73
4.326,86.4,0.464,8.97
4.279,85.6,0.393,9.71
2.992,88.5,0.361,9.67
3.593,73.5,0.657,10.05
2.421,72.3,0.385,9.92
3.366,81.5,0.556,9.44
2.222,87,0.369,9.52
1.81,85,0.54,9.59
2.512,77.2,0.546,9.72
1.006,79.7,0.446,9.74
2.263,80.3,0.27,8.11
